epoch,sat_count,dual_count,mean_elevation_deg,mean_model_l1_iono_m,mean_dual_l1_iono_m,mean_diff_m
2025-01-01 00:00:00.000,5,5,46.728804,8.573102,1.902660,-6.670441
2025-01-01 00:01:00.000,5,5,46.886019,8.581884,1.910289,-6.671595
2025-01-01 00:02:00.000,5,5,47.032030,8.591264,1.912705,-6.678559
2025-01-01 00:03:00.000,5,5,47.166761,8.601245,1.917796,-6.683449
2025-01-01 00:04:00.000,5,5,47.290289,8.611828,1.923147,-6.688681
2025-01-01 00:05:00.000,5,5,47.402836,8.623017,1.943330,-6.679687
2025-01-01 00:06:00.000,5,5,47.504749,8.634815,2.048343,-6.586472
2025-01-01 00:07:00.000,5,5,47.596464,8.647226,2.055673,-6.591553
2025-01-01 00:08:00.000,5,5,47.678481,8.660255,2.061507,-6.598748
2025-01-01 00:09:00.000,5,5,47.751331,8.673906,2.073107,-6.600799
2025-01-01 00:10:00.000,5,5,47.815546,8.688185,2.087328,-6.600857
2025-01-01 00:11:00.000,5,5,47.871648,8.703098,2.099845,-6.603253
2025-01-01 00:12:00.000,5,5,47.920126,8.718653,2.109775,-6.608878
2025-01-01 00:13:00.000,5,5,47.961435,8.734856,2.127531,-6.607325
2025-01-01 00:14:00.000,5,5,47.995987,8.751716,2.150832,-6.600884
2025-01-01 00:15:00.000,5,5,48.024152,8.769240,2.178190,-6.591050
2025-01-01 00:16:00.000,5,5,48.046260,8.787436,2.207836,-6.579600
2025-01-01 00:17:00.000,5,5,48.062600,8.806314,2.235506,-6.570808
2025-01-01 00:18:00.000,5,5,48.073431,8.825881,2.259323,-6.566557
2025-01-01 00:19:00.000,5,5,48.078976,8.846147,2.290167,-6.555979
2025-01-01 00:20:00.000,5,5,48.079434,8.867120,2.319385,-6.547734
2025-01-01 00:21:00.000,5,5,48.074977,8.888809,2.348919,-6.539890
2025-01-01 00:22:00.000,5,5,48.065757,8.911224,2.384805,-6.526420
2025-01-01 00:23:00.000,5,5,48.051909,8.934374,2.422857,-6.511517
2025-01-01 00:24:00.000,5,5,48.033552,8.958268,2.461259,-6.497009
2025-01-01 00:25:00.000,5,5,48.010790,8.982916,2.507229,-6.475687
2025-01-01 00:26:00.000,5,5,47.983718,9.008327,2.556255,-6.452071
2025-01-01 00:27:00.000,5,5,47.952422,9.034510,2.608284,-6.426226
2025-01-01 00:28:00.000,5,5,47.916977,9.061475,2.658079,-6.403396
2025-01-01 00:29:00.000,5,5,47.877454,9.089233,2.713392,-6.375841
2025-01-01 00:30:00.000,5,5,47.833917,9.117793,2.768134,-6.349659
2025-01-01 00:31:00.000,5,5,47.786428,9.147164,2.824881,-6.322284
2025-01-01 00:32:00.000,5,5,47.735041,9.177358,2.879074,-6.298283
2025-01-01 00:33:00.000,5,5,47.679810,9.208383,2.931135,-6.277249
2025-01-01 00:34:00.000,5,5,47.620787,9.240251,2.984126,-6.256125
2025-01-01 00:35:00.000,5,5,47.558019,9.272971,3.037943,-6.235029
2025-01-01 00:36:00.000,5,5,47.491555,9.306554,3.099525,-6.207029
2025-01-01 00:37:00.000,5,5,47.421440,9.341010,3.167088,-6.173923
2025-01-01 00:38:00.000,5,5,47.347720,9.376350,3.236437,-6.139914
2025-01-01 00:39:00.000,5,5,47.270439,9.412584,3.312970,-6.099614
2025-01-01 00:40:00.000,5,5,47.189642,9.449724,3.390647,-6.059077
2025-01-01 00:41:00.000,5,5,47.105374,9.487779,3.468923,-6.018856
2025-01-01 00:42:00.000,5,5,47.017677,9.526760,3.549569,-5.977192
2025-01-01 00:43:00.000,6,6,41.672465,10.729525,4.990698,-5.738827
2025-01-01 00:44:00.000,6,6,41.663419,10.745372,5.044298,-5.701074
2025-01-01 00:45:00.000,6,6,41.651820,10.762096,5.107148,-5.654948
2025-01-01 00:46:00.000,6,6,41.637703,10.779708,5.172052,-5.607656
2025-01-01 00:47:00.000,6,6,41.621106,10.798220,5.237775,-5.560445
2025-01-01 00:48:00.000,6,6,41.602063,10.817642,5.304154,-5.513489
2025-01-01 00:49:00.000,6,6,41.580612,10.837988,5.371294,-5.466694
2025-01-01 00:50:00.000,6,6,41.556790,10.859267,5.444176,-5.415091
2025-01-01 00:51:00.000,6,6,41.530632,10.881492,5.522149,-5.359343
2025-01-01 00:52:00.000,6,6,41.502177,10.904674,5.598279,-5.306395
2025-01-01 00:53:00.000,6,6,41.471460,10.928824,5.681028,-5.247796
2025-01-01 00:54:00.000,6,6,41.438519,10.953955,5.762194,-5.191761
2025-01-01 00:55:00.000,6,6,41.403392,10.980078,5.850878,-5.129200
2025-01-01 00:56:00.000,6,6,41.366114,11.007205,5.943138,-5.064066
2025-01-01 00:57:00.000,6,6,41.326723,11.035347,6.043754,-4.991593
2025-01-01 00:58:00.000,6,6,41.285256,11.064516,6.141866,-4.922650
2025-01-01 00:59:00.000,6,6,41.241749,11.094724,6.247971,-4.846753
2025-01-01 01:00:00.000,6,6,41.196240,11.125982,6.359266,-4.766717
2025-01-01 01:01:00.000,6,6,41.148764,11.158303,6.459676,-4.698628
2025-01-01 01:02:00.000,6,6,41.099358,11.191699,6.558040,-4.633658
2025-01-01 01:03:00.000,6,6,41.048058,11.226180,6.655052,-4.571128
2025-01-01 01:04:00.000,6,6,40.994900,11.261759,6.746371,-4.515389
2025-01-01 01:05:00.000,6,6,40.939919,11.298448,6.858221,-4.440228
2025-01-01 01:06:00.000,5,5,45.870898,10.059237,5.946640,-4.112598
2025-01-01 01:07:00.000,5,5,45.871438,10.068000,6.008076,-4.059924
2025-01-01 01:08:00.000,5,5,45.870124,10.077617,6.069035,-4.008582
2025-01-01 01:09:00.000,5,5,45.866990,10.088097,6.130598,-3.957499
2025-01-01 01:10:00.000,5,5,45.862067,10.099451,6.195426,-3.904025
2025-01-01 01:11:00.000,5,5,45.855388,10.111686,6.260478,-3.851209
2025-01-01 01:12:00.000,5,5,45.846985,10.124813,6.325332,-3.799481
2025-01-01 01:13:00.000,5,5,45.836888,10.138839,6.394074,-3.744765
2025-01-01 01:14:00.000,5,5,51.053924,9.677264,6.984470,-2.692794
2025-01-01 01:15:00.000,5,5,51.012947,9.699523,7.063638,-2.635885
2025-01-01 01:16:00.000,5,5,50.969552,9.722674,7.134470,-2.588204
2025-01-01 01:17:00.000,5,5,50.923740,9.746727,7.204111,-2.542616
2025-01-01 01:18:00.000,5,5,50.875513,9.771691,7.271865,-2.499826
2025-01-01 01:19:00.000,5,5,50.824873,9.797574,7.339765,-2.457810
2025-01-01 01:20:00.000,5,5,50.771822,9.824388,7.407272,-2.417115
2025-01-01 01:21:00.000,5,5,50.716361,9.852139,7.477883,-2.374256
2025-01-01 01:22:00.000,5,5,50.658493,9.880839,7.541014,-2.339825
2025-01-01 01:23:00.000,5,5,50.598219,9.910495,7.614213,-2.296282
2025-01-01 01:24:00.000,5,5,50.535544,9.941116,7.688787,-2.252329
2025-01-01 01:25:00.000,5,5,50.470469,9.972712,7.767954,-2.204757
2025-01-01 01:26:00.000,5,5,50.402999,10.005290,7.847728,-2.157562
2025-01-01 01:27:00.000,5,5,50.333140,10.038860,7.927121,-2.111739
2025-01-01 01:28:00.000,5,5,50.260895,10.073429,8.010313,-2.063116
2025-01-01 01:29:00.000,5,5,50.186273,10.109006,8.095575,-2.013431
2025-01-01 01:30:00.000,5,5,50.109279,10.145600,8.181490,-1.964110
2025-01-01 01:31:00.000,5,5,50.029923,10.183218,8.269749,-1.913469
2025-01-01 01:32:00.000,4,4,45.367550,10.721645,8.853610,-1.868035
2025-01-01 01:33:00.000,5,5,49.864165,10.261559,8.443085,-1.818474
2025-01-01 01:34:00.000,4,4,45.154188,10.810982,9.032159,-1.778823
2025-01-01 01:35:00.000,5,5,39.048514,12.832837,10.868995,-1.963841
2025-01-01 01:36:00.000,5,5,39.005313,12.856114,10.973701,-1.882412
2025-01-01 01:37:00.000,4,4,44.827196,10.954352,9.277453,-1.676899
2025-01-01 01:38:00.000,5,5,38.916106,12.906290,10.630392,-2.275898
2025-01-01 01:39:00.000,6,6,43.748049,12.175143,10.161055,-2.014088
2025-01-01 01:40:00.000,5,5,38.823257,12.961351,10.821148,-2.140203
2025-01-01 01:41:00.000,5,5,44.557849,12.279257,10.017796,-2.261461
2025-01-01 01:42:00.000,5,5,44.575653,12.292252,10.088486,-2.203765
2025-01-01 01:43:00.000,5,5,44.591226,12.306200,10.171816,-2.134384
2025-01-01 01:44:00.000,5,5,44.604572,12.321109,10.254131,-2.066978
2025-01-01 01:45:00.000,5,5,44.615693,12.336984,10.323886,-2.013099
2025-01-01 01:46:00.000,5,5,44.624594,12.353831,10.385821,-1.968010
2025-01-01 01:47:00.000,5,5,44.631284,12.371656,10.448565,-1.923091
2025-01-01 01:48:00.000,5,5,44.635768,12.390464,10.497733,-1.892731
2025-01-01 01:49:00.000,5,5,44.638059,12.410261,10.550534,-1.859727
2025-01-01 01:50:00.000,5,5,44.638166,12.431051,10.592050,-1.839001
2025-01-01 01:51:00.000,5,5,44.636102,12.452841,10.633612,-1.819229
2025-01-01 01:52:00.000,5,5,44.631880,12.475635,10.667626,-1.808009
2025-01-01 01:53:00.000,6,6,39.700708,13.674315,11.474239,-2.200076
2025-01-01 01:54:00.000,6,6,39.763013,13.672271,11.501128,-2.171143
2025-01-01 01:55:00.000,6,6,39.823703,13.671179,11.532961,-2.138219
2025-01-01 01:56:00.000,6,6,39.882792,13.671048,11.560066,-2.110982
2025-01-01 01:57:00.000,6,6,39.940292,13.671884,11.584250,-2.087634
2025-01-01 01:58:00.000,6,6,39.996218,13.673694,11.603738,-2.069956
2025-01-01 01:59:00.000,6,6,40.050581,13.676484,11.616053,-2.060432
2025-01-01 02:00:00.000,6,6,40.103397,13.680261,11.627968,-2.052293
2025-01-01 02:01:00.000,6,6,40.154681,13.685031,11.640568,-2.044463
2025-01-01 02:02:00.000,6,6,40.204445,13.690799,11.647847,-2.042952
2025-01-01 02:03:00.000,6,6,40.252705,13.697572,11.656428,-2.041145
2025-01-01 02:04:00.000,6,6,40.299475,13.705355,11.664235,-2.041120
2025-01-01 02:05:00.000,6,6,40.344769,13.714154,11.675743,-2.038410
2025-01-01 02:06:00.000,6,6,40.388600,13.723972,11.684733,-2.039239
2025-01-01 02:07:00.000,6,6,40.430984,13.734817,11.701154,-2.033663
2025-01-01 02:08:00.000,6,6,40.471932,13.746691,11.717463,-2.029228
2025-01-01 02:09:00.000,6,6,40.511458,13.759601,11.731987,-2.027613
2025-01-01 02:10:00.000,6,6,40.549576,13.773550,11.738434,-2.035115
2025-01-01 02:11:00.000,6,6,40.586296,13.788542,11.743398,-2.045144
2025-01-01 02:12:00.000,7,7,37.607785,14.284473,12.043674,-2.240799
2025-01-01 02:13:00.000,7,7,37.677367,14.292717,12.049066,-2.243650
2025-01-01 02:14:00.000,7,7,37.745394,14.301914,12.062194,-2.239719
2025-01-01 02:15:00.000,7,7,37.811865,14.312073,12.076403,-2.235670
2025-01-01 02:16:00.000,7,7,37.876782,14.323204,12.093257,-2.229947
2025-01-01 02:17:00.000,7,7,37.940144,14.335313,12.113328,-2.221986
2025-01-01 02:18:00.000,7,7,38.001949,14.348410,12.125897,-2.222514
2025-01-01 02:19:00.000,7,7,38.062195,14.362501,12.138258,-2.224243
2025-01-01 02:20:00.000,7,7,38.120880,14.377593,12.147214,-2.230380
2025-01-01 02:21:00.000,7,7,38.178000,14.393693,12.159621,-2.234072
2025-01-01 02:22:00.000,7,7,38.233551,14.410806,12.170231,-2.240575
2025-01-01 02:23:00.000,7,7,38.287529,14.428939,12.175518,-2.253421
2025-01-01 02:24:00.000,7,7,38.339927,14.448096,12.183558,-2.264538
2025-01-01 02:25:00.000,7,7,38.390738,14.468282,12.188209,-2.280073
2025-01-01 02:26:00.000,7,7,38.439957,14.489502,12.197181,-2.292321
2025-01-01 02:27:00.000,7,7,38.487573,14.511759,12.209142,-2.302618
2025-01-01 02:28:00.000,6,6,42.525007,13.323901,10.291389,-3.032512
2025-01-01 02:29:00.000,6,6,42.647175,13.311999,10.261615,-3.050383
2025-01-01 02:30:00.000,6,6,42.767154,13.301047,10.227159,-3.073888
2025-01-01 02:31:00.000,6,6,42.884929,13.291054,10.185541,-3.105512
2025-01-01 02:32:00.000,6,6,43.000483,13.282028,10.152624,-3.129404
2025-01-01 02:33:00.000,6,6,43.113798,13.273977,10.120782,-3.153195
2025-01-01 02:34:00.000,6,6,43.224855,13.266909,10.090357,-3.176552
2025-01-01 02:35:00.000,6,6,43.333633,13.260832,10.055470,-3.205362
2025-01-01 02:36:00.000,6,6,43.440109,13.255754,10.010275,-3.245479
2025-01-01 02:37:00.000,6,6,43.544260,13.251681,9.963875,-3.287806
2025-01-01 02:38:00.000,6,6,43.646060,13.248621,9.921890,-3.326732
2025-01-01 02:39:00.000,6,6,43.745481,13.246582,9.884915,-3.361667
2025-01-01 02:40:00.000,6,6,43.842493,13.245569,9.851074,-3.394494
2025-01-01 02:41:00.000,6,6,43.937066,13.245589,9.815918,-3.429671
2025-01-01 02:42:00.000,6,6,44.029165,13.246649,9.781341,-3.465308
2025-01-01 02:43:00.000,6,6,44.118755,13.248756,9.743583,-3.505173
2025-01-01 02:44:00.000,6,6,44.205796,13.251915,9.707998,-3.543917
2025-01-01 02:45:00.000,6,6,44.290247,13.256133,9.672065,-3.584067
2025-01-01 02:46:00.000,6,6,44.372063,13.261415,9.635286,-3.626129
2025-01-01 02:47:00.000,6,6,44.451198,13.267767,9.591324,-3.676443
2025-01-01 02:48:00.000,6,6,44.527599,13.275195,9.547839,-3.727356
2025-01-01 02:49:00.000,6,6,44.601212,13.283705,9.504474,-3.779231
2025-01-01 02:50:00.000,6,6,44.671978,13.293301,9.460021,-3.833280
2025-01-01 02:51:00.000,6,6,44.739834,13.303989,9.420035,-3.883954
2025-01-01 02:52:00.000,6,6,44.804713,13.315775,9.382160,-3.933615
2025-01-01 02:53:00.000,6,6,44.866541,13.328663,9.352889,-3.975774
2025-01-01 02:54:00.000,6,6,44.925241,13.342658,9.323379,-4.019280
2025-01-01 02:55:00.000,6,6,44.980729,13.357766,9.303514,-4.054252
2025-01-01 02:56:00.000,6,6,45.032917,13.373991,9.290205,-4.083786
2025-01-01 02:57:00.000,6,6,45.081708,13.391338,9.273330,-4.118008
2025-01-01 02:58:00.000,6,6,45.127000,13.409812,9.259015,-4.150797
2025-01-01 02:59:00.000,5,5,38.927648,14.246240,9.260341,-4.985899
2025-01-01 03:00:00.000,5,5,38.909314,14.269890,9.253972,-5.015918
2025-01-01 03:01:00.000,5,5,38.888610,14.294810,9.258312,-5.036498
2025-01-01 03:02:00.000,5,5,38.865536,14.321007,9.253589,-5.067418
2025-01-01 03:03:00.000,5,5,38.840091,14.348490,9.254830,-5.093660
2025-01-01 03:04:00.000,5,5,38.812275,14.377265,9.262174,-5.115090
2025-01-01 03:05:00.000,5,5,38.782088,14.407340,9.269033,-5.138307
2025-01-01 03:06:00.000,5,5,38.749530,14.438722,9.271221,-5.167501
2025-01-01 03:07:00.000,5,5,38.714602,14.471419,9.280831,-5.190588
2025-01-01 03:08:00.000,5,5,38.677303,14.505437,9.292249,-5.213188
2025-01-01 03:09:00.000,5,5,38.637636,14.540784,9.310874,-5.229911
2025-01-01 03:10:00.000,5,5,38.595600,14.577467,9.331614,-5.245853
2025-01-01 03:11:00.000,5,5,38.551196,14.615492,9.349190,-5.266301
2025-01-01 03:12:00.000,5,5,38.504427,14.654865,9.368130,-5.286735
2025-01-01 03:13:00.000,5,5,38.455293,14.695594,9.397292,-5.298301
2025-01-01 03:14:00.000,5,5,38.403796,14.737684,9.424563,-5.313121
2025-01-01 03:15:00.000,5,5,38.349937,14.781143,9.453939,-5.327203
2025-01-01 03:16:00.000,5,5,38.293719,14.825975,9.492952,-5.333023
2025-01-01 03:17:00.000,5,5,38.235143,14.872188,9.533356,-5.338832
2025-01-01 03:18:00.000,5,5,38.174212,14.919786,9.573147,-5.346639
2025-01-01 03:19:00.000,5,5,38.110926,14.968777,9.615566,-5.353210
2025-01-01 03:20:00.000,5,5,38.045289,15.019165,9.661925,-5.357239
2025-01-01 03:21:00.000,5,5,37.977303,15.070955,9.715270,-5.355686
2025-01-01 03:22:00.000,5,5,37.906970,15.124155,9.773409,-5.350746
2025-01-01 03:23:00.000,5,5,37.834291,15.178768,9.839717,-5.339050
2025-01-01 03:24:00.000,5,5,37.759269,15.234800,9.900858,-5.333942
2025-01-01 03:25:00.000,5,5,37.681907,15.292255,9.962110,-5.330145
2025-01-01 03:26:00.000,5,5,37.602205,15.351140,10.023937,-5.327203
2025-01-01 03:27:00.000,5,5,37.520166,15.411458,10.085005,-5.326452
2025-01-01 03:28:00.000,5,5,37.435791,15.473214,10.147192,-5.326022
2025-01-01 03:29:00.000,5,5,37.349082,15.536412,10.202225,-5.334187
2025-01-01 03:30:00.000,5,5,37.260040,15.601058,10.262405,-5.338652
2025-01-01 03:31:00.000,6,6,33.520770,16.924997,12.717098,-4.207899
2025-01-01 03:32:00.000,6,6,33.510037,16.952286,12.705579,-4.246707
2025-01-01 03:33:00.000,6,6,33.497649,16.980856,12.703462,-4.277394
2025-01-01 03:34:00.000,6,6,33.483605,17.010717,12.711195,-4.299522
2025-01-01 03:35:00.000,6,6,33.467902,17.041877,12.715385,-4.326492
2025-01-01 03:36:00.000,6,6,33.450539,17.074347,12.731156,-4.343191
2025-01-01 03:37:00.000,7,7,31.667455,17.495456,13.184190,-4.311266
2025-01-01 03:38:00.000,7,7,31.705849,17.508335,13.189004,-4.319331
2025-01-01 03:39:00.000,7,7,31.742915,17.522359,13.185855,-4.336504
2025-01-01 03:40:00.000,7,7,31.778647,17.537543,13.191925,-4.345618
2025-01-01 03:41:00.000,7,7,31.813040,17.553899,13.197763,-4.356136
2025-01-01 03:42:00.000,7,7,31.846087,17.571440,13.206425,-4.365015
2025-01-01 03:43:00.000,7,7,31.877778,17.590180,13.216718,-4.373462
2025-01-01 03:44:00.000,7,7,31.908106,17.610129,13.233787,-4.376343
2025-01-01 03:45:00.000,7,7,31.937062,17.631301,13.246042,-4.385259
2025-01-01 03:46:00.000,7,7,31.964635,17.653705,13.259893,-4.393812
2025-01-01 03:47:00.000,7,7,31.990814,17.677354,13.280204,-4.397149
2025-01-01 03:48:00.000,7,7,32.015588,17.702257,13.308885,-4.393372
2025-01-01 03:49:00.000,7,7,32.038943,17.728424,13.347138,-4.381287
2025-01-01 03:50:00.000,7,7,32.060866,17.755866,13.385502,-4.370365
2025-01-01 03:51:00.000,7,7,32.081343,17.784592,13.435088,-4.349504
2025-01-01 03:52:00.000,7,7,32.100357,17.814610,13.481582,-4.333028
2025-01-01 03:53:00.000,7,7,32.117892,17.845929,13.532719,-4.313211
2025-01-01 03:54:00.000,7,7,32.133930,17.878558,13.572486,-4.306072
2025-01-01 03:55:00.000,7,7,32.148454,17.912504,13.626734,-4.285770
2025-01-01 03:56:00.000,7,7,32.161441,17.947774,13.683031,-4.264743
2025-01-01 03:57:00.000,7,7,32.172874,17.984376,13.748849,-4.235527
2025-01-01 03:58:00.000,6,6,35.083520,16.894502,13.629179,-3.265323
2025-01-01 03:59:00.000,6,6,35.137534,16.912201,13.679259,-3.232942
2025-01-01 04:00:00.000,6,6,35.190068,16.931066,13.742400,-3.188665
2025-01-01 04:01:00.000,5,5,37.103458,16.621538,13.279466,-3.342071
2025-01-01 04:02:00.000,5,5,37.199193,16.628882,13.322291,-3.306590
2025-01-01 04:03:00.000,5,5,37.293632,16.637337,13.374220,-3.263116
2025-01-01 04:04:00.000,6,6,35.384661,17.018288,14.225209,-2.793079
2025-01-01 04:05:00.000,5,5,37.478379,16.657600,13.496236,-3.161364
2025-01-01 04:06:00.000,6,6,35.472091,17.069017,14.340709,-2.728307
2025-01-01 04:07:00.000,5,5,39.174716,15.819097,11.975397,-3.843700
2025-01-01 04:08:00.000,5,5,39.305830,15.806569,11.952379,-3.854189
2025-01-01 04:09:00.000,5,5,39.434649,15.795088,11.937425,-3.857663
2025-01-01 04:10:00.000,5,5,39.561122,15.784661,11.945320,-3.839341
2025-01-01 04:11:00.000,5,5,39.685199,15.775293,11.924965,-3.850328
2025-01-01 04:12:00.000,5,5,39.806828,15.766991,11.903763,-3.863228
2025-01-01 04:13:00.000,5,5,39.925963,15.759758,11.934260,-3.825498
2025-01-01 04:14:00.000,5,5,46.293201,14.184785,9.126727,-5.058058
2025-01-01 04:15:00.000,6,6,42.539687,15.137534,10.683348,-4.454186
2025-01-01 04:16:00.000,6,6,42.608520,15.139565,10.685696,-4.453869
2025-01-01 04:17:00.000,6,6,42.674749,15.142571,10.669896,-4.472674
2025-01-01 04:18:00.000,4,4,40.545370,15.018711,10.322509,-4.696202
2025-01-01 04:19:00.000,5,5,46.911527,14.089660,9.101442,-4.988218
2025-01-01 04:20:00.000,5,5,47.026892,14.073290,9.104054,-4.969236
2025-01-01 04:21:00.000,5,5,47.139395,14.057822,9.103497,-4.954325
2025-01-01 04:22:00.000,5,5,47.249002,14.043261,9.100691,-4.942570
2025-01-01 04:23:00.000,5,5,47.355683,14.029614,9.096138,-4.933477
2025-01-01 04:24:00.000,5,5,47.459414,14.016888,9.082596,-4.934291
2025-01-01 04:25:00.000,5,5,47.560174,14.005088,9.077230,-4.927858
2025-01-01 04:26:00.000,5,5,47.657948,13.994221,9.071135,-4.923086
2025-01-01 04:27:00.000,5,5,47.752726,13.984293,9.064210,-4.920083
2025-01-01 04:28:00.000,5,5,47.844502,13.975310,9.053357,-4.921953
2025-01-01 04:29:00.000,5,5,47.933274,13.967277,9.050074,-4.917202
2025-01-01 04:30:00.000,5,5,48.019047,13.960200,9.054569,-4.905631
2025-01-01 04:31:00.000,5,5,48.101827,13.954085,9.058325,-4.895760
2025-01-01 04:32:00.000,7,7,39.332694,16.597926,13.930215,-2.667711
2025-01-01 04:33:00.000,7,7,39.412833,16.586011,13.918073,-2.667937
2025-01-01 04:34:00.000,7,7,39.490892,16.575091,13.912420,-2.662671
2025-01-01 04:35:00.000,7,7,39.566894,16.565175,13.914425,-2.650750
2025-01-01 04:36:00.000,7,7,39.640863,16.556269,13.925178,-2.631091
2025-01-01 04:37:00.000,7,7,39.712827,16.548380,13.944196,-2.604184
2025-01-01 04:38:00.000,7,7,39.782813,16.541514,13.973226,-2.568288
2025-01-01 04:39:00.000,7,7,39.850850,16.535677,14.003160,-2.532517
2025-01-01 04:40:00.000,7,7,39.916970,16.530874,14.039207,-2.491666
2025-01-01 04:41:00.000,7,7,39.981201,16.527110,14.077592,-2.449519
2025-01-01 04:42:00.000,8,8,37.508065,17.217524,14.403767,-2.813758
2025-01-01 04:43:00.000,8,8,37.607141,17.198037,14.428098,-2.769940
2025-01-01 04:44:00.000,8,8,37.704561,17.179591,14.453799,-2.725792
2025-01-01 04:45:00.000,7,7,40.936289,16.191210,13.042847,-3.148363
2025-01-01 04:46:00.000,7,7,41.080947,16.150932,13.018272,-3.132660
2025-01-01 04:47:00.000,7,7,41.223859,16.111716,12.993872,-3.117844
2025-01-01 04:48:00.000,7,7,41.365039,16.073575,12.969773,-3.103802
2025-01-01 04:49:00.000,7,7,41.504502,16.036518,12.948158,-3.088360
2025-01-01 04:50:00.000,7,7,41.642260,16.000557,12.932941,-3.067615
2025-01-01 04:51:00.000,7,7,41.778323,15.965699,12.923925,-3.041774
2025-01-01 04:52:00.000,7,7,41.912703,15.931955,12.910162,-3.021793
2025-01-01 04:53:00.000,7,7,42.045405,15.899332,12.896709,-3.002623
2025-01-01 04:54:00.000,7,7,42.176435,15.867841,12.889679,-2.978162
2025-01-01 04:55:00.000,7,7,42.305799,15.837487,12.892122,-2.945365
2025-01-01 04:56:00.000,7,7,42.433498,15.808279,12.898255,-2.910025
2025-01-01 04:57:00.000,7,7,42.559531,15.780224,12.906449,-2.873776
2025-01-01 04:58:00.000,7,7,42.683898,15.753329,12.917270,-2.836059
2025-01-01 04:59:00.000,7,7,42.806595,15.727600,12.930176,-2.797423
2025-01-01 05:00:00.000,7,7,42.927615,15.703042,12.945179,-2.757863
2025-01-01 05:01:00.000,7,7,43.046951,15.679662,12.968524,-2.711138
2025-01-01 05:02:00.000,7,7,43.164593,15.657465,12.984232,-2.673233
2025-01-01 05:03:00.000,7,7,43.280529,15.636455,13.004479,-2.631976
2025-01-01 05:04:00.000,7,7,43.394746,15.616637,13.034585,-2.582052
2025-01-01 05:05:00.000,7,7,43.507227,15.598016,13.070972,-2.527044
2025-01-01 05:06:00.000,7,7,43.617955,15.580594,13.108679,-2.471916
2025-01-01 05:07:00.000,7,7,43.726910,15.564377,13.142720,-2.421657
2025-01-01 05:08:00.000,7,7,43.834070,15.549366,13.177460,-2.371906
2025-01-01 05:09:00.000,7,7,43.939412,15.535565,13.227911,-2.307654
2025-01-01 05:10:00.000,7,7,44.042911,15.522976,13.277360,-2.245615
2025-01-01 05:11:00.000,7,7,44.144538,15.511601,13.327670,-2.183931
2025-01-01 05:12:00.000,7,7,44.244266,15.501442,13.377072,-2.124370
2025-01-01 05:13:00.000,7,7,44.342063,15.492502,13.429547,-2.062955
2025-01-01 05:14:00.000,7,7,44.437897,15.484781,13.491189,-1.993591
2025-01-01 05:15:00.000,7,7,44.531732,15.478280,13.558643,-1.919636
2025-01-01 05:16:00.000,7,7,44.623533,15.473000,13.630796,-1.842203
2025-01-01 05:17:00.000,7,7,44.713262,15.468941,13.707661,-1.761280
2025-01-01 05:18:00.000,7,7,44.800879,15.466104,13.789366,-1.676738
2025-01-01 05:19:00.000,7,7,44.886342,15.464489,13.890665,-1.573824
2025-01-01 05:20:00.000,7,7,44.969607,15.464094,13.995346,-1.468749
2025-01-01 05:21:00.000,7,7,45.050630,15.464921,14.108322,-1.356599
2025-01-01 05:22:00.000,7,7,45.129361,15.466967,14.233231,-1.233736
2025-01-01 05:23:00.000,7,7,45.205753,15.470232,14.368173,-1.102059
2025-01-01 05:24:00.000,7,7,45.279752,15.474714,14.513874,-0.960840
2025-01-01 05:25:00.000,7,7,45.351304,15.480412,14.672843,-0.807569
2025-01-01 05:26:00.000,7,7,45.420354,15.487324,14.831558,-0.655766
2025-01-01 05:27:00.000,6,6,50.422836,13.853125,10.768824,-3.084300
2025-01-01 05:28:00.000,7,7,48.545996,14.231939,11.189980,-3.041959
2025-01-01 05:29:00.000,7,7,48.605679,14.232750,11.193064,-3.039686
2025-01-01 05:30:00.000,7,7,48.662848,14.234667,11.194339,-3.040329
2025-01-01 05:31:00.000,7,7,48.717428,14.237688,11.195299,-3.042389
2025-01-01 05:32:00.000,7,7,48.769339,14.241808,11.198397,-3.043411
2025-01-01 05:33:00.000,7,7,48.818496,14.247024,11.202726,-3.044298
2025-01-01 05:34:00.000,7,7,48.864810,14.253333,11.209116,-3.044217
2025-01-01 05:35:00.000,7,7,48.908186,14.260730,11.215560,-3.045171
2025-01-01 05:36:00.000,7,7,48.948520,14.269212,11.225061,-3.044151
2025-01-01 05:37:00.000,7,7,48.985704,14.278776,11.233816,-3.044960
2025-01-01 05:38:00.000,7,7,49.019619,14.289416,11.246560,-3.042856
2025-01-01 05:39:00.000,7,7,49.050141,14.301130,11.260152,-3.040978
2025-01-01 05:40:00.000,7,7,49.077133,14.313913,11.272681,-3.041232
2025-01-01 05:41:00.000,7,7,49.100450,14.327761,11.277963,-3.049798
2025-01-01 05:42:00.000,7,7,49.119939,14.342671,11.290422,-3.052249
2025-01-01 05:43:00.000,7,7,49.135434,14.358638,11.294312,-3.064326
2025-01-01 05:44:00.000,7,7,49.146759,14.375659,11.294633,-3.081026
2025-01-01 05:45:00.000,7,7,49.153728,14.393730,11.296871,-3.096859
2025-01-01 05:46:00.000,7,7,49.156148,14.412846,11.302639,-3.110207
2025-01-01 05:47:00.000,7,7,49.153817,14.433004,11.305096,-3.127908
2025-01-01 05:48:00.000,6,6,48.865705,14.662473,10.765107,-3.897366
2025-01-01 05:49:00.000,6,6,48.767617,14.702072,10.795810,-3.906262
2025-01-01 05:50:00.000,6,6,48.663183,14.742590,10.820041,-3.922549
2025-01-01 05:51:00.000,6,6,48.552174,14.784026,10.850032,-3.933993
2025-01-01 05:52:00.000,6,6,48.434374,14.826377,10.884618,-3.941759
2025-01-01 05:53:00.000,6,6,48.309589,14.869641,10.922198,-3.947443
2025-01-01 05:54:00.000,6,6,48.177651,14.913818,10.966206,-3.947612
2025-01-01 05:55:00.000,6,6,48.038430,14.958906,11.004271,-3.954635
2025-01-01 05:56:00.000,6,6,47.891838,15.004905,11.047688,-3.957217
2025-01-01 05:57:00.000,6,6,47.737832,15.051813,11.091320,-3.960493
2025-01-01 05:58:00.000,6,6,47.576418,15.099630,11.135332,-3.964299
2025-01-01 05:59:00.000,6,6,47.407653,15.148358,11.180823,-3.967534
2025-01-01 06:00:00.000,6,6,47.231643,15.197995,11.228929,-3.969065
2025-01-01 06:01:00.000,6,6,47.048538,15.248542,11.275231,-3.973311
2025-01-01 06:02:00.000,6,6,46.858528,15.300001,11.331620,-3.968381
2025-01-01 06:03:00.000,6,6,46.661834,15.352372,11.390719,-3.961652
2025-01-01 06:04:00.000,6,6,46.458705,15.405657,11.451996,-3.953661
2025-01-01 06:05:00.000,5,5,50.347103,14.425113,10.638252,-3.786860
2025-01-01 06:06:00.000,5,5,50.143757,14.468008,10.709775,-3.758234
2025-01-01 06:07:00.000,5,5,49.933523,14.511947,10.790004,-3.721943
2025-01-01 06:08:00.000,6,6,44.675066,16.035839,11.084061,-4.951778
2025-01-01 06:09:00.000,5,5,49.493741,14.602969,10.953321,-3.649647
2025-01-01 06:10:00.000,6,6,44.412896,16.059543,11.268892,-4.790650
2025-01-01 06:11:00.000,5,5,49.030373,14.698210,11.117822,-3.580388
2025-01-01 06:12:00.000,6,6,44.132900,16.087046,11.331746,-4.755300
2025-01-01 06:13:00.000,6,6,43.986823,16.102243,11.373224,-4.729019
2025-01-01 06:14:00.000,6,6,43.836990,16.118414,11.423858,-4.694556
2025-01-01 06:15:00.000,6,6,43.683605,16.135567,11.482498,-4.653070
2025-01-01 06:16:00.000,6,6,43.526861,16.153711,11.551994,-4.601716
2025-01-01 06:17:00.000,6,6,43.366934,16.172853,11.622965,-4.549888
2025-01-01 06:18:00.000,6,6,43.203992,16.193000,11.704303,-4.488698
2025-01-01 06:19:00.000,6,6,43.038189,16.214161,11.788015,-4.426147
2025-01-01 06:20:00.000,6,6,42.869670,16.236344,11.885566,-4.350777
2025-01-01 06:21:00.000,6,6,42.698570,16.259554,11.984263,-4.275291
2025-01-01 06:22:00.000,6,6,42.525013,16.283800,12.090826,-4.192974
2025-01-01 06:23:00.000,6,6,42.349118,16.309088,12.201979,-4.107109
2025-01-01 06:24:00.000,6,6,42.170993,16.335426,12.315734,-4.019691
2025-01-01 06:25:00.000,6,6,41.990743,16.362819,12.434227,-3.928592
2025-01-01 06:26:00.000,7,7,38.714207,17.353830,13.414447,-3.939383
2025-01-01 06:27:00.000,7,7,38.519147,17.396454,13.539477,-3.856976
2025-01-01 06:28:00.000,7,7,38.322581,17.440023,13.678785,-3.761237
2025-01-01 06:29:00.000,7,7,38.124577,17.484540,13.824825,-3.659715
2025-01-01 06:30:00.000,7,7,37.925200,17.530011,13.973093,-3.556918
2025-01-01 06:31:00.000,7,7,37.724513,17.576438,14.125809,-3.450629
2025-01-01 06:32:00.000,7,7,37.522572,17.623825,14.283980,-3.339845
2025-01-01 06:33:00.000,7,7,37.319433,17.672175,14.446960,-3.225215
2025-01-01 06:34:00.000,7,7,37.115150,17.721491,14.607425,-3.114066
2025-01-01 06:35:00.000,7,7,36.909773,17.771775,14.782228,-2.989547
2025-01-01 06:36:00.000,7,7,36.703351,17.823030,14.968508,-2.854523
2025-01-01 06:37:00.000,6,6,35.137668,18.436912,15.678682,-2.758230
2025-01-01 06:38:00.000,6,6,34.957924,18.484758,15.899321,-2.585437
2025-01-01 06:39:00.000,5,5,38.402907,17.294623,11.278539,-6.016084
2025-01-01 06:40:00.000,5,5,38.252738,17.320331,11.300792,-6.019539
2025-01-01 06:41:00.000,5,5,38.101814,17.346849,11.322020,-6.024829
2025-01-01 06:42:00.000,5,5,37.950169,17.374177,11.348577,-6.025601
2025-01-01 06:43:00.000,5,5,37.797836,17.402321,11.379556,-6.022765
2025-01-01 06:44:00.000,5,5,37.644847,17.431281,11.411109,-6.020172
2025-01-01 06:45:00.000,5,5,37.491231,17.461061,11.451846,-6.009215
2025-01-01 06:46:00.000,5,5,37.337019,17.491663,11.489951,-6.001712
2025-01-01 06:47:00.000,4,4,42.779453,15.478344,9.027998,-6.450345
2025-01-01 06:48:00.000,4,4,42.647845,15.487794,9.039069,-6.448725
2025-01-01 06:49:00.000,4,4,42.515504,15.498270,9.045429,-6.452842
2025-01-01 06:50:00.000,4,4,42.382465,15.509776,9.058788,-6.450988
2025-01-01 06:51:00.000,4,4,42.248763,15.522314,9.071456,-6.450858
2025-01-01 06:52:00.000,4,4,42.114432,15.535889,9.081088,-6.454800
2025-01-01 06:53:00.000,4,4,41.979503,15.550502,9.090415,-6.460087
2025-01-01 06:54:00.000,4,4,41.844010,15.566157,9.097217,-6.468940
2025-01-01 06:55:00.000,4,4,41.707982,15.582856,9.107702,-6.475154
2025-01-01 06:56:00.000,4,4,41.571451,15.600602,9.114381,-6.486220
2025-01-01 06:57:00.000,4,4,41.434446,15.619395,9.130573,-6.488823
2025-01-01 06:58:00.000,4,4,41.296995,15.639239,9.146270,-6.492969
2025-01-01 06:59:00.000,4,4,41.159128,15.660135,9.174450,-6.485685
2025-01-01 07:00:00.000,4,4,41.020871,15.682083,9.179319,-6.502764
2025-01-01 07:01:00.000,4,4,40.882251,15.705086,9.205375,-6.499711
2025-01-01 07:02:00.000,4,4,40.743294,15.729143,9.225020,-6.504123
2025-01-01 07:03:00.000,4,4,40.604026,15.754256,9.248425,-6.505830
2025-01-01 07:04:00.000,4,4,40.464471,15.780424,9.267714,-6.512710
2025-01-01 07:05:00.000,4,4,40.324653,15.807647,9.290776,-6.516871
2025-01-01 07:06:00.000,4,4,40.184596,15.835925,9.320553,-6.515373
2025-01-01 07:07:00.000,4,4,40.044322,15.865258,9.355122,-6.510137
2025-01-01 07:08:00.000,5,5,35.962117,17.273962,14.833975,-2.439987
2025-01-01 07:09:00.000,5,5,35.935726,17.256908,14.587613,-2.669295
2025-01-01 07:10:00.000,5,5,35.909525,17.240965,14.359041,-2.881924
2025-01-01 07:11:00.000,5,5,35.883528,17.226139,14.151484,-3.074655
2025-01-01 07:12:00.000,5,5,35.857747,17.212433,13.952673,-3.259760
2025-01-01 07:13:00.000,5,5,35.832194,17.199853,13.761721,-3.438132
2025-01-01 07:14:00.000,5,5,35.806882,17.188402,13.585591,-3.602811
2025-01-01 07:15:00.000,5,5,35.781819,17.178084,13.424483,-3.753602
2025-01-01 07:16:00.000,5,5,35.757018,17.168903,13.270096,-3.898807
2025-01-01 07:17:00.000,5,5,35.732487,17.160860,13.127641,-4.033219
2025-01-01 07:18:00.000,5,5,35.708235,17.153959,13.000188,-4.153771
2025-01-01 07:19:00.000,5,5,35.684269,17.148201,12.874277,-4.273924
2025-01-01 07:20:00.000,5,5,35.660599,17.143588,12.771438,-4.372150
2025-01-01 07:21:00.000,5,5,35.637230,17.140121,12.670334,-4.469786
2025-01-01 07:22:00.000,5,5,35.614168,17.137800,12.584637,-4.553163
2025-01-01 07:23:00.000,5,5,35.591419,17.136627,12.501789,-4.634838
2025-01-01 07:24:00.000,5,5,35.568987,17.136600,12.431631,-4.704969
2025-01-01 07:25:00.000,5,5,35.546876,17.137720,12.367013,-4.770707
2025-01-01 07:26:00.000,5,5,35.525089,17.139986,12.315117,-4.824868
2025-01-01 07:27:00.000,5,5,35.503628,17.143396,12.268471,-4.874925
2025-01-01 07:28:00.000,5,5,35.482495,17.147949,12.219914,-4.928035
2025-01-01 07:29:00.000,6,6,33.005795,18.018859,16.277431,-1.741428
2025-01-01 07:30:00.000,6,6,33.056227,17.991497,16.076629,-1.914868
2025-01-01 07:31:00.000,6,6,33.107178,17.965281,15.874567,-2.090715
2025-01-01 07:32:00.000,6,6,33.158644,17.940214,15.686090,-2.254124
2025-01-01 07:33:00.000,6,6,33.210621,17.916297,15.511220,-2.405077
2025-01-01 07:34:00.000,6,6,33.263104,17.893531,15.348159,-2.545372
2025-01-01 07:35:00.000,6,6,33.316086,17.871916,15.192892,-2.679024
2025-01-01 07:36:00.000,6,6,33.369560,17.851454,15.047843,-2.803611
2025-01-01 07:37:00.000,6,6,33.423519,17.832144,14.919225,-2.912919
2025-01-01 07:38:00.000,6,6,33.477952,17.813986,14.797167,-3.016819
2025-01-01 07:39:00.000,7,7,31.574085,18.562643,14.936754,-3.625889
2025-01-01 07:40:00.000,7,7,31.675612,18.520547,14.819722,-3.700825
2025-01-01 07:41:00.000,7,7,31.777588,18.479662,14.705203,-3.774459
2025-01-01 07:42:00.000,7,7,31.879998,18.439988,14.594420,-3.845567
2025-01-01 07:43:00.000,7,7,31.982827,18.401524,14.494281,-3.907243
2025-01-01 07:44:00.000,7,7,32.086060,18.364270,14.405272,-3.958998
2025-01-01 07:45:00.000,7,7,32.189679,18.328225,14.326112,-4.002113
2025-01-01 07:46:00.000,7,7,32.293667,18.293388,14.253432,-4.039956
2025-01-01 07:47:00.000,7,7,32.398004,18.259755,14.186193,-4.073562
2025-01-01 07:48:00.000,7,7,32.502669,18.227325,14.123860,-4.103466
2025-01-01 07:49:00.000,7,7,32.607642,18.196095,14.069049,-4.127046
2025-01-01 07:50:00.000,5,5,35.331601,17.508234,14.728991,-2.779243
2025-01-01 07:51:00.000,7,7,32.818415,18.137220,13.978135,-4.159086
2025-01-01 07:52:00.000,7,7,32.924165,18.109568,13.938685,-4.170882
2025-01-01 07:53:00.000,7,7,33.030122,18.083098,13.903166,-4.179932
2025-01-01 07:54:00.000,7,7,33.136256,18.057808,13.868244,-4.189564
2025-01-01 07:55:00.000,7,7,33.242538,18.033690,13.837207,-4.196483
2025-01-01 07:56:00.000,7,7,33.348935,18.010740,13.810369,-4.200371
2025-01-01 07:57:00.000,7,7,33.455414,17.988950,13.779152,-4.209798
2025-01-01 07:58:00.000,7,7,33.561938,17.968315,13.751943,-4.216372
2025-01-01 07:59:00.000,7,7,33.668471,17.948826,13.730428,-4.218398
2025-01-01 08:00:00.000,5,5,38.092506,16.758688,13.858092,-2.900596
2025-01-01 08:01:00.000,7,7,33.881404,17.913258,13.684168,-4.229091
2025-01-01 08:02:00.000,7,7,33.987719,17.897163,13.662564,-4.234600
2025-01-01 08:03:00.000,7,7,34.093873,17.882182,13.652434,-4.229748
2025-01-01 08:04:00.000,7,7,34.199819,17.868307,13.637697,-4.230610
2025-01-01 08:05:00.000,7,7,34.305507,17.855526,13.626641,-4.228885
2025-01-01 08:06:00.000,7,7,34.410885,17.843832,13.613713,-4.230119
2025-01-01 08:07:00.000,7,7,34.515897,17.833213,13.600992,-4.232220
2025-01-01 08:08:00.000,6,6,37.920575,16.770843,13.159585,-3.611257
2025-01-01 08:09:00.000,6,6,38.082066,16.745605,13.126932,-3.618674
2025-01-01 08:10:00.000,5,5,40.808532,16.157413,13.273769,-2.883643
2025-01-01 08:11:00.000,6,6,38.403078,16.698744,13.075613,-3.623131
2025-01-01 08:12:00.000,6,6,38.562447,16.677093,13.058384,-3.618709
2025-01-01 08:13:00.000,6,6,44.780679,15.234176,12.002792,-3.231384
2025-01-01 08:14:00.000,6,6,45.052962,15.187216,11.967699,-3.219517
2025-01-01 08:15:00.000,6,6,45.322709,15.141608,11.933211,-3.208397
2025-01-01 08:16:00.000,6,6,45.589783,15.097337,11.911059,-3.186278
2025-01-01 08:17:00.000,6,6,45.854047,15.054392,11.895139,-3.159253
2025-01-01 08:18:00.000,6,6,46.115360,15.012756,11.880787,-3.131969
2025-01-01 08:19:00.000,6,6,46.373578,14.972418,11.874208,-3.098209
2025-01-01 08:20:00.000,5,5,49.829316,13.189360,8.057102,-5.132258
2025-01-01 08:21:00.000,5,5,50.065963,13.127571,7.921321,-5.206250
2025-01-01 08:22:00.000,5,5,50.300695,13.067206,7.783664,-5.283542
2025-01-01 08:23:00.000,5,5,50.533418,13.008253,7.650826,-5.357426
2025-01-01 08:24:00.000,5,5,50.764034,12.950701,7.523112,-5.427589
2025-01-01 08:25:00.000,5,5,50.992446,12.894540,7.396157,-5.498382
2025-01-01 08:26:00.000,5,5,51.218558,12.839758,7.266817,-5.572941
2025-01-01 08:27:00.000,5,5,51.442270,12.786344,7.139676,-5.646668
2025-01-01 08:28:00.000,5,5,51.663484,12.734286,7.016035,-5.718251
2025-01-01 08:29:00.000,5,5,51.882103,12.683573,6.893076,-5.790497
2025-01-01 08:30:00.000,5,5,52.098029,12.634193,6.775182,-5.859011
2025-01-01 08:31:00.000,5,5,52.311163,12.586134,6.658038,-5.928096
2025-01-01 08:32:00.000,5,5,52.521410,12.539383,6.540261,-5.999122
2025-01-01 08:33:00.000,5,5,52.728672,12.493929,6.426007,-6.067922
2025-01-01 08:34:00.000,5,5,46.458776,14.790429,6.761149,-8.029280
2025-01-01 08:35:00.000,5,5,53.133868,12.406857,6.210368,-6.196489
2025-01-01 08:36:00.000,6,6,47.214801,14.332440,6.706998,-7.625442
2025-01-01 08:37:00.000,6,6,47.425370,14.268708,6.569622,-7.699086
2025-01-01 08:38:00.000,5,5,53.716955,12.285655,5.889912,-6.395743
2025-01-01 08:39:00.000,5,5,44.241038,14.839157,7.096156,-7.743001
2025-01-01 08:40:00.000,5,5,44.476219,14.769526,6.963722,-7.805805
2025-01-01 08:41:00.000,6,6,39.762605,16.410534,8.392160,-8.018374
2025-01-01 08:42:00.000,6,6,40.008308,16.323213,8.224690,-8.098522
2025-01-01 08:43:00.000,6,6,40.253078,16.237106,8.060506,-8.176600
2025-01-01 08:44:00.000,5,5,39.658199,16.705460,8.048451,-8.657009
2025-01-01 08:45:00.000,4,4,45.204788,15.099297,7.690885,-7.408412
2025-01-01 08:46:00.000,5,5,40.385070,16.482605,7.917695,-8.564909
2025-01-01 08:47:00.000,5,5,40.745886,16.373185,7.746134,-8.627051
2025-01-01 08:48:00.000,5,5,41.104820,16.265092,7.587985,-8.677108
2025-01-01 08:49:00.000,5,5,41.461761,16.158317,7.438154,-8.720163
2025-01-01 08:50:00.000,5,5,41.816596,16.052849,7.278620,-8.774229
2025-01-01 08:51:00.000,5,5,42.169203,15.948679,7.135182,-8.813498
2025-01-01 08:52:00.000,6,6,42.400814,15.515293,7.053046,-8.462247
2025-01-01 08:53:00.000,6,6,42.631635,15.440817,6.938199,-8.502618
2025-01-01 08:54:00.000,6,6,42.860508,15.367448,6.811330,-8.556118
2025-01-01 08:55:00.000,5,5,47.856080,13.858341,5.648834,-8.209507
2025-01-01 08:56:00.000,5,5,48.066570,13.805986,5.555149,-8.250837
2025-01-01 08:57:00.000,6,6,43.534204,15.153873,6.179047,-8.974826
2025-01-01 08:58:00.000,6,6,43.754027,15.084821,6.069959,-9.014862
2025-01-01 08:59:00.000,6,6,43.971247,15.016820,6.024664,-8.992156
2025-01-01 09:00:00.000,6,6,44.185717,14.949859,5.912690,-9.037169
2025-01-01 09:01:00.000,6,6,44.397284,14.883926,5.811819,-9.072106
2025-01-01 09:02:00.000,6,6,44.605791,14.819010,5.712097,-9.106913
2025-01-01 09:03:00.000,6,6,44.811073,14.755099,5.614122,-9.140978
2025-01-01 09:04:00.000,6,6,45.012963,14.692183,5.514082,-9.178101
2025-01-01 09:05:00.000,6,6,45.211290,14.630248,5.430263,-9.199985
2025-01-01 09:06:00.000,5,5,49.998678,13.334534,4.742541,-8.591993
2025-01-01 09:07:00.000,6,6,45.596551,14.509282,5.506022,-9.003260
2025-01-01 09:08:00.000,6,6,45.783126,14.450227,5.367962,-9.082265
2025-01-01 09:09:00.000,5,5,50.499493,13.210486,4.522417,-8.688069
2025-01-01 09:10:00.000,6,6,46.143264,14.334917,5.329758,-9.005158
2025-01-01 09:11:00.000,6,6,46.316467,14.278640,5.285873,-8.992767
2025-01-01 09:12:00.000,6,6,46.484858,14.223268,5.239810,-8.983458
2025-01-01 09:13:00.000,5,5,51.094012,13.056655,4.242213,-8.814442
2025-01-01 09:14:00.000,6,6,46.806525,14.115195,5.124847,-8.990348
2025-01-01 09:15:00.000,6,6,51.680557,13.281862,4.516289,-8.765573
2025-01-01 09:16:00.000,6,6,51.813185,13.223146,4.443001,-8.780145
2025-01-01 09:17:00.000,6,6,51.939318,13.165473,4.368053,-8.797421
2025-01-01 09:18:00.000,5,5,57.309910,11.921276,3.306627,-8.614649
2025-01-01 09:19:00.000,4,4,56.570681,12.166008,3.148773,-9.017235
2025-01-01 09:20:00.000,5,5,57.463396,11.841848,3.204082,-8.637766
2025-01-01 09:21:00.000,6,6,52.377307,12.945129,3.851828,-9.093302
2025-01-01 09:22:00.000,6,6,52.469879,12.892606,3.789498,-9.103108
2025-01-01 09:23:00.000,6,6,52.555612,12.841100,3.734683,-9.106417
2025-01-01 09:24:00.000,6,6,52.634495,12.790607,3.683851,-9.106756
2025-01-01 09:25:00.000,6,6,52.706528,12.741124,3.635332,-9.105792
2025-01-01 09:26:00.000,6,6,52.771725,12.692645,3.585088,-9.107557
2025-01-01 09:27:00.000,6,6,52.830113,12.645170,3.535843,-9.109327
2025-01-01 09:28:00.000,6,6,52.881728,12.598693,3.487197,-9.111497
2025-01-01 09:29:00.000,6,6,52.926616,12.553214,3.439226,-9.113987
2025-01-01 09:30:00.000,6,6,52.964833,12.508727,3.393443,-9.115284
2025-01-01 09:31:00.000,6,6,52.996441,12.465232,3.349378,-9.115854
2025-01-01 09:32:00.000,6,6,53.021512,12.422726,3.305367,-9.117359
2025-01-01 09:33:00.000,6,6,53.040122,12.381207,3.262421,-9.118786
2025-01-01 09:34:00.000,6,6,53.052356,12.340672,3.222077,-9.118595
2025-01-01 09:35:00.000,6,6,53.058301,12.301121,3.184419,-9.116701
2025-01-01 09:36:00.000,6,6,53.058050,12.262551,3.146410,-9.116141
2025-01-01 09:37:00.000,6,6,53.051703,12.224960,3.109557,-9.115403
2025-01-01 09:38:00.000,6,6,53.039360,12.188349,3.075905,-9.112443
2025-01-01 09:39:00.000,6,6,53.021128,12.152715,3.044670,-9.108045
2025-01-01 09:40:00.000,6,6,52.997118,12.118057,3.014590,-9.103467
2025-01-01 09:41:00.000,6,6,52.967442,12.084374,2.985288,-9.099087
2025-01-01 09:42:00.000,6,6,52.932217,12.051667,2.956545,-9.095122
2025-01-01 09:43:00.000,6,6,52.891564,12.019933,2.927668,-9.092264
2025-01-01 09:44:00.000,6,6,52.845606,11.989172,2.898878,-9.090295
2025-01-01 09:45:00.000,6,6,52.794470,11.959384,2.869863,-9.089521
2025-01-01 09:46:00.000,6,6,52.738284,11.930569,2.846902,-9.083667
2025-01-01 09:47:00.000,6,6,52.677179,11.902725,2.822870,-9.079855
2025-01-01 09:48:00.000,5,5,52.247749,12.035310,2.057802,-9.977508
2025-01-01 09:49:00.000,5,5,52.179372,12.005255,2.025688,-9.979567
2025-01-01 09:50:00.000,5,5,52.107211,11.976159,1.998162,-9.977997
2025-01-01 09:51:00.000,5,5,52.031414,11.948023,1.964238,-9.983785
2025-01-01 09:52:00.000,5,5,51.952132,11.920845,1.940936,-9.979909
2025-01-01 09:53:00.000,5,5,51.869514,11.894625,1.915943,-9.978682
2025-01-01 09:54:00.000,5,5,51.783706,11.869362,1.892621,-9.976741
2025-01-01 09:55:00.000,5,5,51.694855,11.845056,1.870082,-9.974974
2025-01-01 09:56:00.000,5,5,51.603106,11.821706,1.857363,-9.964343
2025-01-01 09:57:00.000,5,5,51.508599,11.799311,1.839390,-9.959921
2025-01-01 09:58:00.000,5,5,51.411474,11.777870,1.826699,-9.951172
2025-01-01 09:59:00.000,5,5,51.311868,11.757382,1.813830,-9.943552
2025-01-01 10:00:00.000,5,5,51.209914,11.737845,1.804649,-9.933196
2025-01-01 10:01:00.000,5,5,51.105741,11.719258,1.798797,-9.920461
2025-01-01 10:02:00.000,5,5,50.999477,11.701619,1.795090,-9.906529
2025-01-01 10:03:00.000,5,5,50.891245,11.684927,1.792657,-9.892270
2025-01-01 10:04:00.000,5,5,50.781163,11.669178,1.795103,-9.874075
2025-01-01 10:05:00.000,5,5,50.669347,11.654371,1.798861,-9.855510
2025-01-01 10:06:00.000,5,5,50.555910,11.640504,1.806625,-9.833879
2025-01-01 10:07:00.000,5,5,50.440958,11.627573,1.818383,-9.809190
2025-01-01 10:08:00.000,5,5,50.324597,11.615577,1.832319,-9.783258
2025-01-01 10:09:00.000,5,5,50.206925,11.604510,1.849740,-9.754771
2025-01-01 10:10:00.000,5,5,50.088040,11.594371,1.869378,-9.724994
2025-01-01 10:11:00.000,5,5,49.968035,11.585156,1.891728,-9.693428
2025-01-01 10:12:00.000,7,7,48.142112,11.748300,2.336195,-9.412106
2025-01-01 10:13:00.000,7,7,47.961511,11.754888,2.361456,-9.393431
2025-01-01 10:14:00.000,7,7,47.779632,11.762337,2.389578,-9.372758
2025-01-01 10:15:00.000,7,7,47.596554,11.770641,2.428330,-9.342312
2025-01-01 10:16:00.000,7,7,47.412355,11.779795,2.469429,-9.310366
2025-01-01 10:17:00.000,7,7,47.227110,11.789790,2.513379,-9.276411
2025-01-01 10:18:00.000,7,7,47.040891,11.800620,2.561748,-9.238871
2025-01-01 10:19:00.000,7,7,46.853769,11.812277,2.614032,-9.198245
2025-01-01 10:20:00.000,7,7,46.665810,11.824753,2.675685,-9.149068
2025-01-01 10:21:00.000,7,7,46.477082,11.838042,2.737094,-9.100947
2025-01-01 10:22:00.000,7,7,46.287647,11.852133,2.809074,-9.043060
2025-01-01 10:23:00.000,7,7,46.097566,11.867020,2.890477,-8.976543
2025-01-01 10:24:00.000,6,6,48.142866,11.547828,3.666618,-7.881210
2025-01-01 10:25:00.000,6,6,47.986104,11.555964,3.789447,-7.766517
2025-01-01 10:26:00.000,6,6,47.828636,11.564980,3.923411,-7.641569
2025-01-01 10:27:00.000,6,6,47.670521,11.574869,4.066169,-7.508700
2025-01-01 10:28:00.000,6,6,47.511817,11.585626,4.222194,-7.363432
2025-01-01 10:29:00.000,6,6,47.352579,11.597243,4.384887,-7.212356
2025-01-01 10:30:00.000,6,6,47.192860,11.609713,4.556834,-7.052879
2025-01-01 10:31:00.000,6,6,47.032712,11.623028,4.736844,-6.886184
2025-01-01 10:32:00.000,6,6,46.872185,11.637181,4.929496,-6.707685
2025-01-01 10:33:00.000,6,6,46.711327,11.652163,5.124235,-6.527928
2025-01-01 10:34:00.000,6,6,46.550186,11.667967,5.320948,-6.347019
2025-01-01 10:35:00.000,6,6,46.388805,11.684583,5.518609,-6.165973
2025-01-01 10:36:00.000,6,6,46.227228,11.702002,5.708995,-5.993008
2025-01-01 10:37:00.000,5,5,50.285182,10.687357,0.519091,-10.168266
2025-01-01 10:38:00.000,5,5,50.177766,10.684970,0.505410,-10.179560
2025-01-01 10:39:00.000,5,5,50.069986,10.683344,0.499392,-10.183952
2025-01-01 10:40:00.000,5,5,49.961882,10.682471,0.496093,-10.186378
2025-01-01 10:41:00.000,5,5,49.853496,10.682342,0.492401,-10.189940
2025-01-01 10:42:00.000,5,5,49.744867,10.682949,0.487020,-10.195930
2025-01-01 10:43:00.000,4,4,51.819466,10.265331,-1.834473,-12.099804
2025-01-01 10:44:00.000,4,4,51.771249,10.254558,-1.861521,-12.116079
2025-01-01 10:45:00.000,4,4,51.723281,10.244408,-1.890290,-12.134697
2025-01-01 10:46:00.000,4,4,51.675583,10.234870,-1.919040,-12.153910
2025-01-01 10:47:00.000,4,4,51.628174,10.225935,-1.945127,-12.171061
2025-01-01 10:48:00.000,4,4,50.414763,10.638831,1.694704,-8.944127
2025-01-01 10:49:00.000,4,4,50.382273,10.635515,1.707335,-8.928180
2025-01-01 10:50:00.000,4,4,50.349544,10.632941,1.723743,-8.909197
2025-01-01 10:51:00.000,4,4,50.316608,10.631098,1.740631,-8.890467
2025-01-01 10:52:00.000,4,4,50.283494,10.629978,1.764613,-8.865365
2025-01-01 10:53:00.000,5,5,43.730949,12.477364,8.219187,-4.258178
2025-01-01 10:54:00.000,5,5,43.781290,12.435218,7.963331,-4.471887
2025-01-01 10:55:00.000,5,5,43.831508,12.394087,7.714738,-4.679349
2025-01-01 10:56:00.000,5,5,43.881620,12.353963,7.478864,-4.875099
2025-01-01 10:57:00.000,5,5,43.931640,12.314836,7.255225,-5.059611
2025-01-01 10:58:00.000,4,4,46.106715,12.028738,5.735571,-6.293166
2025-01-01 10:59:00.000,4,4,46.261319,11.965152,5.428749,-6.536403
2025-01-01 11:00:00.000,4,4,46.416001,11.902537,5.136284,-6.766253
2025-01-01 11:01:00.000,4,4,46.570757,11.840879,4.844626,-6.996253
2025-01-01 11:02:00.000,4,4,46.725586,11.780168,4.564221,-7.215947
2025-01-01 11:03:00.000,3,3,37.914955,12.903814,6.227546,-6.676268
2025-01-01 11:04:00.000,3,3,37.958753,12.836665,5.895974,-6.940691
2025-01-01 11:05:00.000,3,3,38.002341,12.770504,5.589208,-7.181296
2025-01-01 11:06:00.000,3,3,38.045724,12.705321,5.302619,-7.402702
2025-01-01 11:07:00.000,4,4,41.605518,11.897789,3.218612,-8.679177
2025-01-01 11:08:00.000,4,4,41.745618,11.831291,3.019805,-8.811485
2025-01-01 11:09:00.000,4,4,41.885816,11.765786,2.834046,-8.931740
2025-01-01 11:10:00.000,4,4,42.026110,11.701265,2.658675,-9.042590
2025-01-01 11:11:00.000,4,4,42.166496,11.637714,2.492162,-9.145552
2025-01-01 11:12:00.000,4,4,42.306968,11.575122,2.337212,-9.237910
2025-01-01 11:13:00.000,4,4,42.447523,11.513475,2.188762,-9.324713
2025-01-01 11:14:00.000,4,4,42.588154,11.452762,2.053127,-9.399635
2025-01-01 11:15:00.000,4,4,42.728855,11.392969,1.918710,-9.474259
2025-01-01 11:16:00.000,4,4,42.869618,11.334083,1.789991,-9.544092
2025-01-01 11:17:00.000,4,4,43.010437,11.276092,1.676046,-9.600045
2025-01-01 11:18:00.000,4,4,43.151301,11.218980,1.564928,-9.654052
2025-01-01 11:19:00.000,4,4,43.292203,11.162736,1.461651,-9.701084
2025-01-01 11:20:00.000,4,4,43.433132,11.107343,1.363534,-9.743810
2025-01-01 11:21:00.000,4,4,43.574077,11.052790,1.266835,-9.785955
2025-01-01 11:22:00.000,4,4,43.715027,10.999060,1.178102,-9.820958
2025-01-01 11:23:00.000,4,4,43.855969,10.946140,1.097089,-9.849051
2025-01-01 11:24:00.000,4,4,43.996891,10.894014,1.021468,-9.872547
2025-01-01 11:25:00.000,4,4,44.137779,10.842668,0.956460,-9.886209
2025-01-01 11:26:00.000,5,5,52.434173,10.140152,0.529367,-9.610786
2025-01-01 11:27:00.000,5,5,52.639724,10.095846,0.487529,-9.608317
2025-01-01 11:28:00.000,5,5,52.842911,10.052206,0.444790,-9.607416
2025-01-01 11:29:00.000,5,5,53.042783,10.009222,0.409911,-9.599311
2025-01-01 11:30:00.000,5,5,53.237909,9.966885,0.375612,-9.591273
2025-01-01 11:31:00.000,5,5,53.426123,9.925187,0.349837,-9.575350
2025-01-01 11:32:00.000,5,5,53.604163,9.884117,0.321955,-9.562163
2025-01-01 11:33:00.000,5,5,53.767395,9.843651,0.299118,-9.544533
2025-01-01 11:34:00.000,5,5,53.910175,9.803743,0.278000,-9.525743
2025-01-01 11:35:00.000,5,5,54.027705,9.764331,0.261133,-9.503198
2025-01-01 11:36:00.000,5,5,54.118829,9.725375,0.249928,-9.475446
2025-01-01 11:37:00.000,5,5,54.186840,9.686882,0.239459,-9.447424
2025-01-01 11:38:00.000,5,5,54.237222,9.648879,0.229935,-9.418944
2025-01-01 11:39:00.000,5,5,54.275117,9.611376,0.223240,-9.388137
2025-01-01 11:40:00.000,5,5,54.304340,9.574370,0.222267,-9.352103
2025-01-01 11:41:00.000,5,5,54.327464,9.537848,0.216771,-9.321077
2025-01-01 11:42:00.000,5,5,54.346168,9.501794,0.215924,-9.285870
2025-01-01 11:43:00.000,5,5,54.361550,9.466193,0.218171,-9.248022
2025-01-01 11:44:00.000,5,5,54.374332,9.431028,0.221436,-9.209593
2025-01-01 11:45:00.000,5,5,54.385001,9.396286,0.225721,-9.170564
2025-01-01 11:46:00.000,5,5,54.393886,9.361950,0.234032,-9.127918
2025-01-01 11:47:00.000,5,5,54.401209,9.328006,0.247105,-9.080901
2025-01-01 11:48:00.000,5,5,54.407122,9.294442,0.259394,-9.035048
2025-01-01 11:49:00.000,5,5,54.411723,9.261241,0.273960,-8.987282
2025-01-01 11:50:00.000,5,5,54.415074,9.228392,0.288315,-8.940077
2025-01-01 11:51:00.000,5,5,54.417207,9.195879,0.300059,-8.895820
2025-01-01 11:52:00.000,5,5,54.418133,9.163688,0.314995,-8.848692
2025-01-01 11:53:00.000,5,5,54.417843,9.131806,0.334162,-8.797644
2025-01-01 11:54:00.000,5,5,54.416313,9.100217,0.354673,-8.745544
2025-01-01 11:55:00.000,5,5,54.413506,9.068908,0.377019,-8.691889
2025-01-01 11:56:00.000,5,5,54.409371,9.037865,0.400965,-8.636899
2025-01-01 11:57:00.000,5,5,54.403848,9.007071,0.423695,-8.583376
2025-01-01 11:58:00.000,5,5,54.396862,8.976513,0.455615,-8.520898
2025-01-01 11:59:00.000,5,5,54.388328,8.946174,0.481960,-8.464214
2025-01-01 12:00:00.000,5,5,54.378150,8.916040,0.512550,-8.403490
2025-01-01 12:01:00.000,5,5,54.366219,8.886096,0.542829,-8.343267
2025-01-01 12:02:00.000,5,5,54.352414,8.856324,0.576952,-8.279373
2025-01-01 12:03:00.000,5,5,54.336598,8.826710,0.609954,-8.216756
2025-01-01 12:04:00.000,5,5,54.318622,8.797237,0.648790,-8.148447
2025-01-01 12:05:00.000,5,5,54.298322,8.767888,0.690090,-8.077798
2025-01-01 12:06:00.000,5,5,54.275516,8.738647,0.734408,-8.004239
2025-01-01 12:07:00.000,5,5,54.250006,8.709497,0.775836,-7.933661
2025-01-01 12:08:00.000,5,5,54.221578,8.680420,0.814418,-7.866001
2025-01-01 12:09:00.000,5,5,54.189998,8.651399,0.854511,-7.796888
2025-01-01 12:10:00.000,5,5,54.155015,8.622416,0.899133,-7.723283
2025-01-01 12:11:00.000,5,5,54.116363,8.593454,0.949917,-7.643537
2025-01-01 12:12:00.000,5,5,54.073758,8.564493,0.996180,-7.568313
2025-01-01 12:13:00.000,5,5,54.026902,8.535515,1.035106,-7.500409
2025-01-01 12:14:00.000,4,4,63.766824,7.420125,1.707082,-5.713043
2025-01-01 12:15:00.000,4,4,63.784823,7.387254,1.757608,-5.629646
2025-01-01 12:16:00.000,4,4,63.796028,7.354939,1.805390,-5.549549
2025-01-01 12:17:00.000,4,4,63.800058,7.323175,1.855347,-5.467828
2025-01-01 12:18:00.000,4,4,63.796550,7.291957,1.909966,-5.381990
2025-01-01 12:19:00.000,4,4,63.785172,7.261279,1.967545,-5.293735
2025-01-01 12:20:00.000,4,4,63.765632,7.231138,2.027292,-5.203846
2025-01-01 12:21:00.000,4,4,63.737693,7.201528,2.089686,-5.111842
2025-01-01 12:22:00.000,4,4,63.701180,7.172445,2.151592,-5.020853
2025-01-01 12:23:00.000,4,4,63.655987,7.143885,2.219473,-4.924412
2025-01-01 12:24:00.000,4,4,63.602083,7.115843,2.288072,-4.827772
2025-01-01 12:25:00.000,4,4,63.539511,7.088317,2.359916,-4.728402
2025-01-01 12:26:00.000,4,4,63.468383,7.061303,2.434507,-4.626797
2025-01-01 12:27:00.000,4,4,63.388877,7.034799,2.510213,-4.524586
2025-01-01 12:28:00.000,4,4,63.301229,7.008801,2.589203,-4.419598
2025-01-01 12:29:00.000,4,4,63.205716,6.983309,2.667840,-4.315469
2025-01-01 12:30:00.000,4,4,63.102653,6.958319,2.750794,-4.207525
2025-01-01 12:31:00.000,4,4,62.992375,6.933830,2.844010,-4.089820
2025-01-01 12:32:00.000,4,4,62.875230,6.909840,2.951476,-3.958364
2025-01-01 12:33:00.000,4,4,62.751570,6.886349,3.061212,-3.825137
2025-01-01 12:34:00.000,4,4,62.621743,6.863354,3.177331,-3.686023
2025-01-01 12:35:00.000,4,4,62.486086,6.840854,3.286644,-3.554210
2025-01-01 12:36:00.000,4,4,62.344921,6.818847,3.389505,-3.429342
2025-01-01 12:37:00.000,5,5,56.862257,7.163422,3.358104,-3.805318
2025-01-01 12:38:00.000,5,5,56.680037,7.146701,3.442886,-3.703814
2025-01-01 12:39:00.000,5,5,56.493439,7.130402,3.537720,-3.592683
2025-01-01 12:40:00.000,6,6,50.324299,8.355873,5.053062,-3.302811
2025-01-01 12:41:00.000,6,6,50.211612,8.316809,5.103006,-3.213803
2025-01-01 12:42:00.000,6,6,50.095639,8.278376,5.154669,-3.123707
2025-01-01 12:43:00.000,6,6,49.976518,8.240565,5.208848,-3.031716
2025-01-01 12:44:00.000,6,6,49.854377,8.203366,5.271408,-2.931959
2025-01-01 12:45:00.000,6,6,49.729332,8.166772,5.351090,-2.815682
2025-01-01 12:46:00.000,6,6,49.601489,8.130773,5.421088,-2.709684
2025-01-01 12:47:00.000,6,6,49.470947,8.095359,5.486515,-2.608843
2025-01-01 12:48:00.000,6,6,49.337794,8.060521,5.563427,-2.497094
2025-01-01 12:49:00.000,5,5,54.426445,6.989254,4.722139,-2.267115
2025-01-01 12:50:00.000,6,6,49.063982,7.992535,6.093030,-1.899505
2025-01-01 12:51:00.000,6,6,48.923466,7.959367,6.210417,-1.748950
2025-01-01 12:52:00.000,6,6,48.780631,7.926736,6.323584,-1.603152
2025-01-01 12:53:00.000,6,6,48.635537,7.894631,6.430262,-1.464370
2025-01-01 12:54:00.000,6,6,48.488237,7.863042,6.539771,-1.323271
2025-01-01 12:55:00.000,5,5,43.872515,8.216645,7.309813,-0.906832
2025-01-01 12:56:00.000,5,5,43.783962,8.181651,7.422772,-0.758879
2025-01-01 12:57:00.000,5,5,43.693493,8.147135,7.541001,-0.606134
2025-01-01 12:58:00.000,5,5,43.601114,8.113082,7.671569,-0.441513
2025-01-01 12:59:00.000,5,5,43.506832,8.079478,7.810737,-0.268741
2025-01-01 13:00:00.000,5,5,43.410654,8.046307,7.943016,-0.103291
2025-01-01 13:01:00.000,5,5,43.312585,8.013554,8.087148,0.073593
2025-01-01 13:02:00.000,5,5,43.212634,7.981204,8.229546,0.248342
2025-01-01 13:03:00.000,5,5,43.110809,7.949239,8.367592,0.418353
2025-01-01 13:04:00.000,5,5,43.007116,7.917644,8.510054,0.592410
2025-01-01 13:05:00.000,4,4,42.888656,7.930007,4.960747,-2.969260
2025-01-01 13:06:00.000,4,4,42.878033,7.882616,4.950567,-2.932049
2025-01-01 13:07:00.000,4,4,42.864850,7.835463,4.936624,-2.898838
2025-01-01 13:08:00.000,4,4,42.849114,7.788526,4.917138,-2.871388
2025-01-01 13:09:00.000,4,4,42.830837,7.741786,4.896697,-2.845089
2025-01-01 13:10:00.000,4,4,42.810027,7.695223,4.867711,-2.827512
2025-01-01 13:11:00.000,4,4,42.786696,7.648814,4.840711,-2.808103
2025-01-01 13:12:00.000,4,4,42.760853,7.602539,4.801156,-2.801383
2025-01-01 13:13:00.000,4,4,42.732512,7.556375,4.758432,-2.797943
2025-01-01 13:14:00.000,4,4,42.701683,7.510301,4.715606,-2.794695
2025-01-01 13:15:00.000,4,4,42.668381,7.464294,4.671948,-2.792346
2025-01-01 13:16:00.000,4,4,42.632618,7.418330,4.627188,-2.791142
2025-01-01 13:17:00.000,4,4,42.594408,7.372385,4.577944,-2.794442
2025-01-01 13:18:00.000,4,4,42.553767,7.326437,4.540237,-2.786200
2025-01-01 13:19:00.000,4,4,42.510708,7.280459,4.498461,-2.781998
2025-01-01 13:20:00.000,4,4,42.465248,7.234427,4.448952,-2.785474
2025-01-01 13:21:00.000,4,4,42.417402,7.188314,4.389927,-2.798387
2025-01-01 13:22:00.000,4,4,42.367189,7.142094,4.334006,-2.808088
2025-01-01 13:23:00.000,4,4,42.314624,7.095741,4.269806,-2.825934
2025-01-01 13:24:00.000,4,4,42.259727,7.049225,4.203516,-2.845709
2025-01-01 13:25:00.000,4,4,42.202515,7.002519,4.147029,-2.855490
2025-01-01 13:26:00.000,3,3,50.172346,6.546493,4.473647,-2.072846
2025-01-01 13:27:00.000,3,3,50.217911,6.496878,4.431967,-2.064911
2025-01-01 13:28:00.000,3,3,50.260566,6.447717,4.394567,-2.053151
2025-01-01 13:29:00.000,3,3,50.300325,6.399004,4.352164,-2.046839
2025-01-01 13:30:00.000,3,3,50.337205,6.350731,4.308043,-2.042688
2025-01-01 13:31:00.000,3,3,50.371224,6.302893,4.256508,-2.046385
2025-01-01 13:32:00.000,3,3,50.402400,6.255484,4.209943,-2.045540
2025-01-01 13:33:00.000,3,3,50.430751,6.208497,4.163922,-2.044575
2025-01-01 13:34:00.000,3,3,50.456298,6.161926,4.113403,-2.048523
2025-01-01 13:35:00.000,3,3,50.479060,6.115766,4.059802,-2.055964
2025-01-01 13:36:00.000,3,3,50.499059,6.070011,4.011721,-2.058289
2025-01-01 13:37:00.000,3,3,50.516317,6.024654,3.958341,-2.066313
2025-01-01 13:38:00.000,3,3,50.530856,5.979690,3.907065,-2.072625
2025-01-01 13:39:00.000,3,3,50.542698,5.935114,3.858127,-2.076987
2025-01-01 13:40:00.000,4,4,41.664241,6.397890,4.554462,-1.843428
2025-01-01 13:41:00.000,4,4,41.691019,6.344415,4.454264,-1.890151
2025-01-01 13:42:00.000,4,4,41.715041,6.291355,4.363820,-1.927535
2025-01-01 13:43:00.000,5,5,37.311617,6.996704,3.411926,-3.584778
2025-01-01 13:44:00.000,5,5,37.393792,6.930099,3.327231,-3.602869
2025-01-01 13:45:00.000,6,6,35.021890,7.017843,6.444964,-0.572878
2025-01-01 13:46:00.000,6,6,35.120550,6.948538,6.250501,-0.698036
2025-01-01 13:47:00.000,6,6,35.216741,6.879946,6.074259,-0.805688
2025-01-01 13:48:00.000,6,6,35.310452,6.812058,5.898360,-0.913698
2025-01-01 13:49:00.000,6,6,35.401673,6.744862,5.725499,-1.019363
2025-01-01 13:50:00.000,6,6,35.490394,6.678348,5.557711,-1.120637
2025-01-01 13:51:00.000,6,6,35.576604,6.612504,5.404551,-1.207953
2025-01-01 13:52:00.000,6,6,35.660292,6.547320,5.254670,-1.292650
2025-01-01 13:53:00.000,6,6,35.741449,6.482785,5.122373,-1.360412
2025-01-01 13:54:00.000,6,6,35.820065,6.418889,4.991199,-1.427690
2025-01-01 13:55:00.000,6,6,35.896129,6.355620,4.864970,-1.490649
2025-01-01 13:56:00.000,6,6,35.969632,6.292967,4.743878,-1.549090
2025-01-01 13:57:00.000,6,6,36.040564,6.230920,4.633598,-1.597322
2025-01-01 13:58:00.000,6,6,36.108914,6.169468,4.532302,-1.637166
2025-01-01 13:59:00.000,6,6,36.174674,6.108600,4.439643,-1.668957
2025-01-01 14:00:00.000,7,7,36.375299,6.185952,6.810079,0.624126
2025-01-01 14:01:00.000,7,7,36.486396,6.120484,6.657906,0.537422
2025-01-01 14:02:00.000,7,7,36.595187,6.055706,6.514572,0.458866
2025-01-01 14:03:00.000,7,7,36.701660,5.991606,6.379567,0.387961
2025-01-01 14:04:00.000,7,7,36.805804,5.928171,6.252113,0.323942
2025-01-01 14:05:00.000,7,7,36.907605,5.865389,6.134473,0.269085
2025-01-01 14:06:00.000,7,7,37.007053,5.803246,6.022992,0.219746
2025-01-01 14:07:00.000,7,7,37.104134,5.741731,5.916855,0.175124
2025-01-01 14:08:00.000,7,7,37.198838,5.680830,5.807618,0.126787
2025-01-01 14:09:00.000,7,7,37.291152,5.620531,5.704225,0.083693
2025-01-01 14:10:00.000,7,7,37.381065,5.560822,5.611459,0.050637
2025-01-01 14:11:00.000,7,7,37.468563,5.501688,5.512125,0.010437
2025-01-01 14:12:00.000,7,7,37.553636,5.443117,5.417013,-0.026104
2025-01-01 14:13:00.000,7,7,37.636271,5.385098,5.319444,-0.065653
2025-01-01 14:14:00.000,7,7,37.716456,5.327615,5.227645,-0.099971
2025-01-01 14:15:00.000,7,7,37.794180,5.270657,5.135808,-0.134849
2025-01-01 14:16:00.000,7,7,37.869430,5.214211,5.044977,-0.169234
2025-01-01 14:17:00.000,7,7,37.942195,5.158263,4.957827,-0.200437
2025-01-01 14:18:00.000,7,7,38.012463,5.102801,4.870829,-0.231971
2025-01-01 14:19:00.000,7,7,38.080222,5.047810,4.793330,-0.254480
2025-01-01 14:20:00.000,7,7,38.145461,4.993279,4.724327,-0.268952
2025-01-01 14:21:00.000,7,7,38.208168,4.939193,4.656603,-0.282590
2025-01-01 14:22:00.000,7,7,38.268331,4.885539,4.598348,-0.287192
2025-01-01 14:23:00.000,7,7,38.325939,4.832305,4.541643,-0.290662
2025-01-01 14:24:00.000,5,5,39.395229,5.040157,5.082605,0.042448
2025-01-01 14:25:00.000,5,5,39.507158,4.988183,5.037765,0.049581
2025-01-01 14:26:00.000,5,5,39.616532,4.936832,5.007835,0.071003
2025-01-01 14:27:00.000,5,5,39.723326,4.886090,4.982661,0.096571
2025-01-01 14:28:00.000,5,5,39.827518,4.835947,4.978915,0.142968
2025-01-01 14:29:00.000,5,5,39.929085,4.786389,4.962970,0.176581
2025-01-01 14:30:00.000,5,5,40.028003,4.737407,4.956823,0.219416
2025-01-01 14:31:00.000,5,5,40.124248,4.688987,4.953749,0.264762
2025-01-01 14:32:00.000,5,5,40.217799,4.641119,4.960155,0.319037
2025-01-01 14:33:00.000,5,5,40.308633,4.593790,4.960500,0.366710
2025-01-01 14:34:00.000,5,5,40.396728,4.546988,4.970286,0.423297
2025-01-01 14:35:00.000,5,5,40.482060,4.500703,4.972090,0.471387
2025-01-01 14:36:00.000,5,5,40.564609,4.454923,4.976118,0.521195
2025-01-01 14:37:00.000,4,4,44.387778,4.188038,2.019400,-2.168638
2025-01-01 14:38:00.000,4,4,44.411310,4.143306,2.013251,-2.130055
2025-01-01 14:39:00.000,4,4,44.430529,4.098984,2.001223,-2.097761
2025-01-01 14:40:00.000,4,4,44.445460,4.055062,1.982006,-2.073056
2025-01-01 14:41:00.000,5,5,39.644738,4.792334,6.103875,1.311541
2025-01-01 14:42:00.000,5,5,39.564917,4.766192,6.033286,1.267094
2025-01-01 14:43:00.000,5,5,39.482020,4.740420,5.950857,1.210437
2025-01-01 14:44:00.000,5,5,39.396072,4.715012,5.862375,1.147363
2025-01-01 14:45:00.000,5,5,39.307096,4.689960,5.773251,1.083290
2025-01-01 14:46:00.000,5,5,39.215117,4.665260,5.671334,1.006075
2025-01-01 14:47:00.000,5,5,39.120158,4.640903,5.572609,0.931706
2025-01-01 14:48:00.000,5,5,39.022244,4.616885,5.463384,0.846500
2025-01-01 14:49:00.000,5,5,38.921400,4.593198,5.349871,0.756673
2025-01-01 14:50:00.000,5,5,38.817649,4.569837,5.238329,0.668492
2025-01-01 14:51:00.000,5,5,38.711016,4.546797,5.114542,0.567746
2025-01-01 14:52:00.000,5,5,38.601525,4.524070,4.991917,0.467848
2025-01-01 14:53:00.000,5,5,38.489202,4.501651,4.866594,0.364943
2025-01-01 14:54:00.000,4,4,44.219644,3.476958,1.596823,-1.880135
2025-01-01 14:55:00.000,4,4,44.173575,3.437918,1.557825,-1.880093
2025-01-01 14:56:00.000,4,4,44.123667,3.399127,1.519205,-1.879922
2025-01-01 14:57:00.000,4,4,44.069949,3.360577,1.482867,-1.877710
2025-01-01 14:58:00.000,4,4,44.012450,3.322258,1.447042,-1.875216
2025-01-01 14:59:00.000,4,4,43.951199,3.284159,1.410410,-1.873749
2025-01-01 15:00:00.000,4,4,43.886227,3.246271,1.372565,-1.873706
2025-01-01 15:01:00.000,4,4,43.817562,3.208585,1.342440,-1.866144
2025-01-01 15:02:00.000,4,4,43.745235,3.171089,1.317150,-1.853939
2025-01-01 15:03:00.000,4,4,43.669276,3.138462,1.291661,-1.846801
2025-01-01 15:04:00.000,4,4,43.589715,3.116620,1.267502,-1.849118
2025-01-01 15:05:00.000,4,4,43.506584,3.095074,1.245467,-1.849607
2025-01-01 15:06:00.000,4,4,43.419912,3.073821,1.221322,-1.852499
2025-01-01 15:07:00.000,5,5,40.463231,3.566101,5.065619,1.499518
2025-01-01 15:08:00.000,5,5,40.462109,3.528463,4.901302,1.372838
2025-01-01 15:09:00.000,5,5,40.458099,3.491371,4.741310,1.249938
2025-01-01 15:10:00.000,5,5,40.451220,3.454817,4.581664,1.126847
2025-01-01 15:11:00.000,5,5,40.441494,3.418793,4.430648,1.011855
2025-01-01 15:12:00.000,5,5,40.428942,3.383290,4.280311,0.897021
2025-01-01 15:13:00.000,5,5,40.413586,3.348300,4.139379,0.791079
2025-01-01 15:14:00.000,5,5,40.395447,3.313816,4.005926,0.692110
2025-01-01 15:15:00.000,5,5,40.374548,3.279830,3.882405,0.602575
2025-01-01 15:16:00.000,5,5,40.350909,3.246333,3.767469,0.521135
2025-01-01 15:17:00.000,5,5,40.324553,3.213319,3.658782,0.445463
2025-01-01 15:18:00.000,5,5,40.295502,3.180779,3.553326,0.372547
2025-01-01 15:19:00.000,5,5,40.263778,3.148706,3.453062,0.304356
2025-01-01 15:20:00.000,5,5,40.229403,3.117092,3.362055,0.244963
2025-01-01 15:21:00.000,5,5,40.192399,3.085930,3.266328,0.180397
2025-01-01 15:22:00.000,5,5,40.152789,3.055213,3.178598,0.123385
2025-01-01 15:23:00.000,5,5,40.110595,3.024933,3.092593,0.067659
2025-01-01 15:24:00.000,5,5,40.065839,2.995083,3.008670,0.013586
2025-01-01 15:25:00.000,5,5,40.018544,2.965656,2.936113,-0.029544
2025-01-01 15:26:00.000,5,5,39.968732,2.936645,2.864647,-0.071998
2025-01-01 15:27:00.000,5,5,39.916426,2.908042,2.807440,-0.100602
2025-01-01 15:28:00.000,5,5,39.861646,2.879842,2.752687,-0.127155
2025-01-01 15:29:00.000,5,5,39.804417,2.852036,2.717511,-0.134524
2025-01-01 15:30:00.000,5,5,39.744760,2.824618,2.692780,-0.131838
2025-01-01 15:31:00.000,5,5,39.682697,2.802041,2.674678,-0.127362
2025-01-01 15:32:00.000,5,5,39.618249,2.782265,2.658397,-0.123867
2025-01-01 15:33:00.000,4,4,38.144077,2.919587,2.243953,-0.675633
2025-01-01 15:34:00.000,5,5,39.482290,2.743735,2.644191,-0.099544
2025-01-01 15:35:00.000,5,5,39.410822,2.724969,2.652658,-0.072311
2025-01-01 15:36:00.000,4,4,38.196198,2.861100,2.124719,-0.736381
2025-01-01 15:37:00.000,4,4,38.208212,2.842431,2.095673,-0.746758
2025-01-01 15:38:00.000,4,4,38.217574,2.824165,2.067045,-0.757120
2025-01-01 15:39:00.000,4,4,38.224299,2.806296,2.043170,-0.763127
2025-01-01 15:40:00.000,4,4,38.228405,2.788819,2.022679,-0.766140
2025-01-01 15:41:00.000,4,4,38.229906,2.771728,2.007957,-0.763771
2025-01-01 15:42:00.000,4,4,38.228820,2.755017,2.000342,-0.754675
2025-01-01 15:43:00.000,6,6,35.058602,2.914366,3.590966,0.676601
2025-01-01 15:44:00.000,6,6,34.991396,2.898584,3.634034,0.735450
2025-01-01 15:45:00.000,6,6,34.921775,2.883196,3.680533,0.797337
2025-01-01 15:46:00.000,6,6,34.849754,2.868197,3.714033,0.845835
2025-01-01 15:47:00.000,6,6,34.775349,2.853583,3.760417,0.906835
2025-01-01 15:48:00.000,6,6,34.698577,2.839348,3.807043,0.967695
2025-01-01 15:49:00.000,6,6,34.619453,2.825488,3.860389,1.034901
2025-01-01 15:50:00.000,6,6,34.537992,2.811999,3.912638,1.100639
2025-01-01 15:51:00.000,6,6,34.454211,2.798877,3.968127,1.169250
2025-01-01 15:52:00.000,6,6,34.368126,2.786117,4.024130,1.238013
2025-01-01 15:53:00.000,6,6,34.279751,2.773715,4.087429,1.313713
2025-01-01 15:54:00.000,6,6,34.189102,2.761668,4.139003,1.377335
2025-01-01 15:55:00.000,6,6,34.096195,2.756803,4.203335,1.446532
2025-01-01 15:56:00.000,6,6,34.001044,2.752787,4.265788,1.513001
2025-01-01 15:57:00.000,6,6,33.903665,2.749037,4.317163,1.568127
2025-01-01 15:58:00.000,6,6,33.804073,2.745552,4.396641,1.651090
2025-01-01 15:59:00.000,6,6,33.702283,2.742330,4.456231,1.713901
2025-01-01 16:00:00.000,5,5,37.145531,2.573601,5.137237,2.563637
2025-01-01 16:01:00.000,5,5,37.078524,2.565632,5.223672,2.658040
2025-01-01 16:02:00.000,5,5,37.009329,2.557908,5.301593,2.743685
2025-01-01 16:03:00.000,5,5,36.937952,2.550425,5.376681,2.826256
2025-01-01 16:04:00.000,5,5,36.864402,2.543183,5.449828,2.906645
2025-01-01 16:05:00.000,5,5,36.788687,2.540367,5.532440,2.992073
2025-01-01 16:06:00.000,5,5,36.710815,2.540987,5.616152,3.075165
2025-01-01 16:07:00.000,5,5,36.630794,2.541803,5.720132,3.178329
2025-01-01 16:08:00.000,5,5,36.548631,2.542815,5.812375,3.269560
2025-01-01 16:09:00.000,5,5,36.464335,2.544021,5.912113,3.368092
2025-01-01 16:10:00.000,5,5,36.377913,2.545421,5.967279,3.421858
2025-01-01 16:11:00.000,5,5,36.289373,2.547015,6.020588,3.473573
2025-01-01 16:12:00.000,5,5,36.198723,2.548803,6.120504,3.571701
2025-01-01 16:13:00.000,5,5,36.105970,2.550783,6.194704,3.643920
2025-01-01 16:14:00.000,5,5,36.011123,2.552956,6.276880,3.723924
2025-01-01 16:15:00.000,5,5,35.914189,2.558405,6.385331,3.826926
2025-01-01 16:16:00.000,5,5,35.815176,2.566358,6.460518,3.894159
2025-01-01 16:17:00.000,4,4,50.547089,2.018059,2.025170,0.007111
2025-01-01 16:18:00.000,4,4,50.500391,2.021128,2.120566,0.099439
2025-01-01 16:19:00.000,4,4,50.450839,2.024310,2.183597,0.159287
2025-01-01 16:20:00.000,4,4,50.398467,2.027606,2.252151,0.224545
2025-01-01 16:21:00.000,4,4,50.343305,2.031014,2.310579,0.279564
2025-01-01 16:22:00.000,4,4,50.285387,2.034534,2.375724,0.341190
2025-01-01 16:23:00.000,4,4,50.224741,2.038164,2.443227,0.405062
2025-01-01 16:24:00.000,4,4,50.161398,2.041905,2.538247,0.496342
2025-01-01 16:25:00.000,4,4,50.095389,2.045756,2.641622,0.595866
2025-01-01 16:26:00.000,4,4,50.026740,2.049715,2.755185,0.705470
2025-01-01 16:27:00.000,4,4,49.955481,2.053783,2.888089,0.834306
2025-01-01 16:28:00.000,3,3,59.194363,1.700960,-1.485398,-3.186358
2025-01-01 16:29:00.000,4,4,49.805240,2.062240,3.326864,1.264624
2025-01-01 16:30:00.000,4,4,49.726311,2.066628,3.395407,1.328780
2025-01-01 16:31:00.000,4,4,49.644877,2.071121,3.262446,1.191325
2025-01-01 16:32:00.000,4,4,49.560964,2.075720,3.380222,1.304503
2025-01-01 16:33:00.000,3,3,59.113775,1.699564,-1.523519,-3.223083
2025-01-01 16:34:00.000,3,3,59.088333,1.699523,-1.531132,-3.230656
2025-01-01 16:35:00.000,3,3,59.059820,1.699562,-1.537172,-3.236734
2025-01-01 16:36:00.000,3,3,59.028249,1.699679,-1.539674,-3.239353
2025-01-01 16:37:00.000,3,3,58.993635,1.699875,-1.541109,-3.240984
2025-01-01 16:38:00.000,2,2,57.601321,1.721804,-1.195020,-2.916825
2025-01-01 16:39:00.000,2,2,57.656755,1.720687,-1.195430,-2.916117
2025-01-01 16:40:00.000,3,3,43.686513,2.341571,5.323842,2.982270
2025-01-01 16:41:00.000,4,4,38.497904,2.521967,3.543460,1.021493
2025-01-01 16:42:00.000,3,3,46.138117,2.169145,-1.383325,-3.552470
2025-01-01 16:43:00.000,3,3,46.293135,2.160345,-1.380259,-3.540604
2025-01-01 16:44:00.000,2,2,57.878328,1.716331,-1.213703,-2.930035
2025-01-01 16:45:00.000,3,3,46.595305,2.143191,-1.389506,-3.532698
2025-01-01 16:46:00.000,3,3,46.742411,2.134837,-1.389421,-3.524259
2025-01-01 16:47:00.000,3,3,44.816047,2.265774,5.230510,2.964735
2025-01-01 16:48:00.000,3,3,47.028551,2.118575,-1.402102,-3.520677
2025-01-01 16:49:00.000,3,3,47.167542,2.110666,-1.408893,-3.519560
2025-01-01 16:50:00.000,3,3,47.303785,2.102906,-1.414296,-3.517202
2025-01-01 16:51:00.000,3,3,47.437259,2.095295,-1.419607,-3.514901
2025-01-01 16:52:00.000,3,3,47.567944,2.087831,-1.426382,-3.514213
2025-01-01 16:53:00.000,2,2,58.038600,1.713581,-1.260746,-2.974327
2025-01-01 16:54:00.000,3,3,47.820870,2.073350,-1.441667,-3.515017
2025-01-01 16:55:00.000,3,3,47.943073,2.066332,-1.455083,-3.521415
2025-01-01 16:56:00.000,4,4,41.616137,2.321303,3.381776,1.060473
2025-01-01 16:57:00.000,4,4,41.809078,2.309336,3.337372,1.028036
2025-01-01 16:58:00.000,4,4,42.000061,2.297546,3.275216,0.977670
2025-01-01 16:59:00.000,4,4,42.189069,2.285934,3.112826,0.826893
2025-01-01 17:00:00.000,4,4,42.376089,2.274499,3.030636,0.756137
2025-01-01 17:01:00.000,4,4,42.561109,2.263242,2.959581,0.696339
2025-01-01 17:02:00.000,4,4,42.744113,2.252163,3.001200,0.749036
2025-01-01 17:03:00.000,4,4,42.925088,2.241262,3.031321,0.790059
2025-01-01 17:04:00.000,4,4,43.104021,2.230539,3.057960,0.827420
2025-01-01 17:05:00.000,4,4,54.764982,1.783141,0.103341,-1.679800
2025-01-01 17:06:00.000,4,4,54.801258,1.781640,0.036654,-1.744986
2025-01-01 17:07:00.000,4,4,54.835701,1.780263,-0.024182,-1.804445
2025-01-01 17:08:00.000,4,4,54.868316,1.779012,-0.086280,-1.865292
2025-01-01 17:09:00.000,2,2,57.553710,1.724701,-1.415220,-3.139921
2025-01-01 17:10:00.000,4,4,54.928075,1.776885,-0.217405,-1.994290
2025-01-01 17:11:00.000,4,4,54.955226,1.776008,-0.284579,-2.060586
2025-01-01 17:12:00.000,4,4,54.980564,1.775256,-0.352030,-2.127286
2025-01-01 17:13:00.000,4,4,55.004090,1.774628,-0.420547,-2.195175
2025-01-01 17:14:00.000,4,4,55.025809,1.774124,-0.491164,-2.265288
2025-01-01 17:15:00.000,4,4,55.045724,1.773744,-0.559195,-2.332938
2025-01-01 17:16:00.000,4,4,55.063836,1.773487,-0.629612,-2.403100
2025-01-01 17:17:00.000,3,3,55.573964,1.764694,-0.708661,-2.473354
2025-01-01 17:18:00.000,3,3,55.660565,1.763224,-0.814488,-2.577712
2025-01-01 17:19:00.000,3,3,55.745786,1.761882,-0.926352,-2.688234
2025-01-01 17:20:00.000,3,3,55.829618,1.760666,-1.039741,-2.800407
2025-01-01 17:21:00.000,3,3,55.912053,1.759577,-1.156074,-2.915651
2025-01-01 17:22:00.000,4,4,55.134768,1.774533,-1.156392,-2.930925
2025-01-01 17:23:00.000,4,4,55.140305,1.775135,-1.234683,-3.009818
2025-01-01 17:24:00.000,4,4,55.144045,1.775859,-1.308442,-3.084301
2025-01-01 17:25:00.000,4,4,55.145985,1.776705,-1.380526,-3.157231
2025-01-01 17:26:00.000,4,4,55.146121,1.777672,-1.448158,-3.225829
2025-01-01 17:27:00.000,5,5,47.131505,2.148985,0.774846,-1.374139
2025-01-01 17:28:00.000,5,5,47.150828,2.148194,0.679134,-1.469060
2025-01-01 17:29:00.000,5,5,47.168162,2.147546,0.574949,-1.572597
2025-01-01 17:30:00.000,5,5,47.183494,2.147041,0.459694,-1.687347
2025-01-01 17:31:00.000,5,5,47.196807,2.146680,0.350182,-1.796498
2025-01-01 17:32:00.000,5,5,47.208085,2.146461,0.258896,-1.887565
2025-01-01 17:33:00.000,5,5,47.217311,2.146386,0.163660,-1.982726
2025-01-01 17:34:00.000,5,5,47.224464,2.146453,0.073999,-2.072454
2025-01-01 17:35:00.000,5,5,47.229525,2.146664,0.001496,-2.145168
2025-01-01 17:36:00.000,5,5,47.232469,2.147017,-0.041828,-2.188845
2025-01-01 17:37:00.000,5,5,47.233273,2.147513,-0.092845,-2.240359
2025-01-01 17:38:00.000,5,5,47.231909,2.148152,-0.149688,-2.297841
2025-01-01 17:39:00.000,5,5,47.228349,2.148934,-0.201691,-2.350625
2025-01-01 17:40:00.000,5,5,47.222560,2.149859,-0.261313,-2.411172
2025-01-01 17:41:00.000,5,5,47.214509,2.150926,-0.312014,-2.462941
2025-01-01 17:42:00.000,5,5,47.204159,2.152136,-0.357202,-2.509337
2025-01-01 17:43:00.000,5,5,47.191469,2.153488,-0.413158,-2.566646
2025-01-01 17:44:00.000,5,5,47.176394,2.154982,-0.475809,-2.630791
2025-01-01 17:45:00.000,5,5,47.158888,2.156619,-0.517253,-2.673872
2025-01-01 17:46:00.000,5,5,47.138899,2.158398,-0.563937,-2.722334
2025-01-01 17:47:00.000,5,5,47.116371,2.160318,-0.606553,-2.766871
2025-01-01 17:48:00.000,5,5,47.091244,2.162381,-0.647147,-2.809528
2025-01-01 17:49:00.000,5,5,47.063451,2.164586,-0.689460,-2.854046
2025-01-01 17:50:00.000,5,5,47.032922,2.166932,-0.726774,-2.893706
2025-01-01 17:51:00.000,5,5,46.999579,2.169421,-0.760325,-2.929745
2025-01-01 17:52:00.000,3,3,58.280028,1.762217,-2.208181,-3.970398
2025-01-01 17:53:00.000,5,5,46.924115,2.174822,-0.836535,-3.011357
2025-01-01 17:54:00.000,5,5,46.881808,2.177734,-0.866278,-3.044012
2025-01-01 17:55:00.000,5,5,46.836316,2.180788,-0.891539,-3.072327
2025-01-01 17:56:00.000,4,4,47.548964,2.213512,-1.047640,-3.261152
2025-01-01 17:57:00.000,5,5,46.735319,2.187320,-0.931999,-3.119319
2025-01-01 17:58:00.000,5,5,46.679569,2.190798,-0.945766,-3.136564
2025-01-01 17:59:00.000,5,5,46.620141,2.194417,-0.965973,-3.160391
2025-01-01 18:00:00.000,4,4,47.562067,2.221098,-1.184360,-3.405458
2025-01-01 18:01:00.000,5,5,46.489670,2.202079,-0.968981,-3.171060
2025-01-01 18:02:00.000,4,4,47.542272,2.225678,-1.258572,-3.484249
2025-01-01 18:03:00.000,2,2,66.342710,1.627468,-3.378773,-5.006241
2025-01-01 18:04:00.000,2,2,66.424464,1.627841,-3.399047,-5.026887
2025-01-01 18:05:00.000,3,3,57.589328,1.821132,-3.058926,-4.880058
2025-01-01 18:06:00.000,2,2,66.560361,1.628835,-3.438601,-5.067437
2025-01-01 18:07:00.000,3,3,57.501949,1.828259,-3.077044,-4.905303
2025-01-01 18:08:00.000,2,2,66.656432,1.630154,-3.468932,-5.099087
2025-01-01 18:09:00.000,3,3,57.387079,1.835702,-3.080747,-4.916449
2025-01-01 18:10:00.000,3,3,57.318609,1.839541,-3.084345,-4.923887
2025-01-01 18:11:00.000,3,3,57.242422,1.843458,-3.085347,-4.928805
2025-01-01 18:12:00.000,3,3,57.158278,1.847452,-3.094341,-4.941793
2025-01-01 18:13:00.000,4,4,54.929074,1.869318,-2.921344,-4.790661
2025-01-01 18:14:00.000,4,4,54.867962,1.872039,-2.917722,-4.789761
2025-01-01 18:15:00.000,4,4,54.798609,1.874869,-2.916643,-4.791512
2025-01-01 18:16:00.000,4,4,54.720938,1.877807,-2.909857,-4.787665
2025-01-01 18:17:00.000,3,3,56.612031,1.868572,-3.082265,-4.950837
2025-01-01 18:18:00.000,4,4,54.540501,1.884011,-2.897845,-4.781856
2025-01-01 18:19:00.000,4,4,54.437762,1.887276,-2.887565,-4.774841
2025-01-01 18:20:00.000,4,4,54.326757,1.890649,-2.857519,-4.748168
2025-01-01 18:21:00.000,4,4,54.207591,1.894132,-2.835925,-4.730057
2025-01-01 18:22:00.000,4,4,54.080400,1.897723,-2.820447,-4.718170
2025-01-01 18:23:00.000,4,4,53.945351,1.901425,-2.812319,-4.713744
2025-01-01 18:24:00.000,4,4,53.802637,1.905236,-2.800431,-4.705667
2025-01-01 18:25:00.000,4,4,53.652470,1.909157,-2.781250,-4.690408
2025-01-01 18:26:00.000,5,5,46.732350,2.187396,-2.743216,-4.930611
2025-01-01 18:27:00.000,5,5,46.675064,2.185487,-2.727376,-4.912864
2025-01-01 18:28:00.000,5,5,46.612658,2.183702,-2.712782,-4.896484
2025-01-01 18:29:00.000,5,5,46.545334,2.182040,-2.698552,-4.880592
2025-01-01 18:30:00.000,5,5,46.473300,2.180502,-2.673265,-4.853767
2025-01-01 18:31:00.000,5,5,46.396759,2.179090,-2.655979,-4.835069
2025-01-01 18:32:00.000,5,5,46.315913,2.177804,-2.640130,-4.817934
2025-01-01 18:33:00.000,5,5,46.230959,2.176645,-2.633700,-4.810345
2025-01-01 18:34:00.000,5,5,46.142087,2.175615,-2.612617,-4.788231
2025-01-01 18:35:00.000,5,5,46.049484,2.174714,-2.600320,-4.775033
2025-01-01 18:36:00.000,5,5,45.953326,2.173943,-2.587947,-4.761890
2025-01-01 18:37:00.000,5,5,45.853783,2.173304,-2.570709,-4.744013
2025-01-01 18:38:00.000,5,5,45.751018,2.172797,-2.542700,-4.715497
2025-01-01 18:39:00.000,5,5,45.645185,2.172424,-2.532990,-4.705414
2025-01-01 18:40:00.000,5,5,45.536431,2.172186,-2.509120,-4.681306
2025-01-01 18:41:00.000,5,5,45.424895,2.172084,-2.485897,-4.657981
2025-01-01 18:42:00.000,5,5,45.310711,2.172119,-2.459307,-4.631426
2025-01-01 18:43:00.000,5,5,45.194002,2.172292,-2.428128,-4.600420
2025-01-01 18:44:00.000,5,5,45.074888,2.172605,-2.400664,-4.573268
2025-01-01 18:45:00.000,5,5,44.953481,2.173058,-2.373048,-4.546106
2025-01-01 18:46:00.000,5,5,44.829887,2.173653,-2.343072,-4.516725
2025-01-01 18:47:00.000,5,5,44.704208,2.174390,-2.313284,-4.487675
2025-01-01 18:48:00.000,6,6,39.874054,2.400974,0.312211,-2.088763
2025-01-01 18:49:00.000,6,6,39.830097,2.396920,0.331712,-2.065208
2025-01-01 18:50:00.000,6,6,39.784912,2.393014,0.346439,-2.046575
2025-01-01 18:51:00.000,6,6,39.738568,2.389258,0.373938,-2.015320
2025-01-01 18:52:00.000,6,6,39.691127,2.385653,0.404039,-1.981614
2025-01-01 18:53:00.000,6,6,39.642650,2.382201,0.432801,-1.949400
2025-01-01 18:54:00.000,6,6,39.593194,2.378902,0.465234,-1.913668
2025-01-01 18:55:00.000,6,6,39.542815,2.375759,0.493896,-1.881863
2025-01-01 18:56:00.000,6,6,39.491563,2.372773,0.511224,-1.861550
2025-01-01 18:57:00.000,6,6,39.439488,2.369945,0.533861,-1.836084
2025-01-01 18:58:00.000,6,6,39.386639,2.367277,0.564381,-1.802896
2025-01-01 18:59:00.000,6,6,39.333059,2.364769,0.599510,-1.765258
2025-01-01 19:00:00.000,6,6,39.278792,2.362423,0.649135,-1.713289
2025-01-01 19:01:00.000,6,6,39.223880,2.360241,0.687402,-1.672840
2025-01-01 19:02:00.000,6,6,39.168362,2.358224,0.719876,-1.638348
2025-01-01 19:03:00.000,6,6,39.112274,2.356373,0.745628,-1.610745
2025-01-01 19:04:00.000,6,6,39.055654,2.354689,0.783592,-1.571097
2025-01-01 19:05:00.000,6,6,38.998536,2.353173,0.822961,-1.530212
2025-01-01 19:06:00.000,6,6,38.940952,2.351827,0.858709,-1.493118
2025-01-01 19:07:00.000,6,6,38.882934,2.350652,0.905418,-1.445235
2025-01-01 19:08:00.000,6,6,38.824512,2.349649,0.945475,-1.404175
2025-01-01 19:09:00.000,6,6,38.765715,2.348820,0.976130,-1.372689
2025-01-01 19:10:00.000,6,6,38.706571,2.348164,0.996893,-1.351271
2025-01-01 19:11:00.000,6,6,38.647106,2.347684,1.029055,-1.318629
2025-01-01 19:12:00.000,6,6,38.587344,2.347380,1.063253,-1.284127
2025-01-01 19:13:00.000,6,6,38.527310,2.347253,1.096993,-1.250260
2025-01-01 19:14:00.000,5,5,37.031014,2.415681,1.878399,-0.537282
2025-01-01 19:15:00.000,5,5,36.998274,2.414736,1.873719,-0.541017
2025-01-01 19:16:00.000,6,6,38.345800,2.347948,1.109700,-1.238248
2025-01-01 19:17:00.000,6,6,38.284896,2.348541,1.124731,-1.223810
2025-01-01 19:18:00.000,6,6,38.223823,2.349316,1.117978,-1.231338
2025-01-01 19:19:00.000,6,6,38.162600,2.350274,1.112742,-1.237532
2025-01-01 19:20:00.000,6,6,38.101244,2.351416,1.088750,-1.262665
2025-01-01 19:21:00.000,6,6,38.039769,2.352742,1.088448,-1.264294
2025-01-01 19:22:00.000,6,6,37.978192,2.354254,1.094142,-1.260112
2025-01-01 19:23:00.000,6,6,37.916525,2.355952,1.100093,-1.255860
2025-01-01 19:24:00.000,5,5,41.431158,2.352827,1.990313,-0.362514
2025-01-01 19:25:00.000,5,5,41.338366,2.356175,1.965675,-0.390500
2025-01-01 19:26:00.000,5,5,41.242618,2.359677,1.967705,-0.391972
2025-01-01 19:27:00.000,5,5,41.144015,2.363333,1.981911,-0.381422
2025-01-01 19:28:00.000,5,5,41.042661,2.367143,1.990879,-0.376264
2025-01-01 19:29:00.000,5,5,40.938661,2.371110,2.019152,-0.351958
2025-01-01 19:30:00.000,5,5,40.832122,2.375232,2.007890,-0.367342
2025-01-01 19:31:00.000,5,5,40.723152,2.379512,2.003746,-0.375766
2025-01-01 19:32:00.000,5,5,40.611857,2.383949,1.986020,-0.397930
2025-01-01 19:33:00.000,5,5,40.498345,2.388545,1.980265,-0.408280
2025-01-01 19:34:00.000,5,5,40.382719,2.393301,1.968123,-0.425178
2025-01-01 19:35:00.000,5,5,40.265083,2.398216,1.955310,-0.442906
2025-01-01 19:36:00.000,5,5,40.145535,2.403291,1.976915,-0.426377
2025-01-01 19:37:00.000,5,5,40.024175,2.408528,1.994195,-0.414334
2025-01-01 19:38:00.000,5,5,39.901096,2.413927,2.021045,-0.392883
2025-01-01 19:39:00.000,5,5,39.776389,2.419489,2.060504,-0.358985
2025-01-01 19:40:00.000,5,5,39.650142,2.425214,2.091133,-0.334081
2025-01-01 19:41:00.000,5,5,39.522439,2.431102,2.121058,-0.310044
2025-01-01 19:42:00.000,5,5,39.393361,2.437155,2.130242,-0.306913
2025-01-01 19:43:00.000,5,5,39.262984,2.443373,2.169648,-0.273724
2025-01-01 19:44:00.000,5,5,39.131384,2.449756,2.205071,-0.244685
2025-01-01 19:45:00.000,4,4,45.024919,2.159194,1.576664,-0.582531
2025-01-01 19:46:00.000,4,4,44.923008,2.162343,1.632280,-0.530063
2025-01-01 19:47:00.000,4,4,44.819926,2.165658,1.689164,-0.476493
2025-01-01 19:48:00.000,4,4,44.715749,2.169138,1.747329,-0.421810
2025-01-01 19:49:00.000,4,4,44.610548,2.172785,1.819032,-0.353753
2025-01-01 19:50:00.000,4,4,44.504392,2.176598,1.897374,-0.279223
2025-01-01 19:51:00.000,4,4,44.397343,2.180577,2.002839,-0.177738
2025-01-01 19:52:00.000,5,5,41.017862,2.300167,1.231682,-1.068485
2025-01-01 19:53:00.000,5,5,40.985885,2.300543,1.305077,-0.995466
2025-01-01 19:54:00.000,5,5,40.953518,2.301068,1.380235,-0.920833
2025-01-01 19:55:00.000,5,5,40.920802,2.301740,1.468147,-0.833593
2025-01-01 19:56:00.000,5,5,40.887778,2.302561,1.564237,-0.738323
2025-01-01 19:57:00.000,5,5,40.854481,2.303529,1.679495,-0.624034
2025-01-01 19:58:00.000,5,5,40.820945,2.304645,1.792889,-0.511757
2025-01-01 19:59:00.000,5,5,40.787203,2.305910,1.857693,-0.448217
2025-01-01 20:00:00.000,5,5,40.753285,2.307322,1.842647,-0.464675
2025-01-01 20:01:00.000,5,5,40.719217,2.308882,1.881975,-0.426907
2025-01-01 20:02:00.000,5,5,40.685026,2.310590,1.982741,-0.327849
2025-01-01 20:03:00.000,5,5,40.650735,2.312445,2.041849,-0.270597
2025-01-01 20:04:00.000,5,5,40.616365,2.314448,2.175659,-0.138789
2025-01-01 20:05:00.000,5,5,40.581937,2.316598,2.252365,-0.064233
2025-01-01 20:06:00.000,5,5,40.547469,2.318895,2.235664,-0.083231
2025-01-01 20:07:00.000,5,5,40.512976,2.321339,2.295043,-0.026296
2025-01-01 20:08:00.000,5,5,40.478473,2.323929,2.348918,0.024989
2025-01-01 20:09:00.000,5,5,40.443973,2.326666,2.408470,0.081805
2025-01-01 20:10:00.000,5,5,40.409486,2.329548,2.516261,0.186712
2025-01-01 20:11:00.000,5,5,40.375023,2.332576,2.582767,0.250191
2025-01-01 20:12:00.000,5,5,40.340590,2.335750,2.673551,0.337802
2025-01-01 20:13:00.000,5,5,40.306195,2.339068,2.756815,0.417747
2025-01-01 20:14:00.000,5,5,40.271841,2.342530,2.840013,0.497483
2025-01-01 20:15:00.000,5,5,40.237532,2.346137,2.971153,0.625016
2025-01-01 20:16:00.000,5,5,40.203268,2.349887,3.030847,0.680959
2025-01-01 20:17:00.000,5,5,40.169049,2.353781,3.054861,0.701081
2025-01-01 20:18:00.000,5,5,40.134873,2.357816,3.117156,0.759339
2025-01-01 20:19:00.000,5,5,40.100737,2.361994,3.121080,0.759085
2025-01-01 20:20:00.000,4,4,35.399951,2.532470,4.640672,2.108202
2025-01-01 20:21:00.000,4,4,35.446316,2.536556,4.677092,2.140536
2025-01-01 20:22:00.000,4,4,35.492655,2.540788,4.761880,2.221091
2025-01-01 20:23:00.000,4,4,35.538944,2.545168,4.800341,2.255174
2025-01-01 20:24:00.000,4,4,35.585157,2.549692,4.896437,2.346745
2025-01-01 20:25:00.000,4,4,35.631267,2.554362,4.970380,2.416018
2025-01-01 20:26:00.000,4,4,35.677242,2.559175,5.052307,2.493132
2025-01-01 20:27:00.000,4,4,35.723051,2.564131,5.047047,2.482915
2025-01-01 20:28:00.000,3,3,42.722537,2.211085,2.672149,0.461065
2025-01-01 20:29:00.000,3,3,42.891248,2.209385,2.686896,0.477510
2025-01-01 20:30:00.000,3,3,43.059191,2.207835,2.692362,0.484527
2025-01-01 20:31:00.000,3,3,43.226301,2.206435,2.723425,0.516990
2025-01-01 20:32:00.000,3,3,43.392512,2.205183,2.780874,0.575692
2025-01-01 20:33:00.000,3,3,43.557753,2.204080,2.813286,0.609206
2025-01-01 20:34:00.000,3,3,43.721949,2.203125,2.838031,0.634906
2025-01-01 20:35:00.000,3,3,43.885022,2.202319,2.875799,0.673480
2025-01-01 20:36:00.000,3,3,44.046888,2.201661,2.940437,0.738776
2025-01-01 20:37:00.000,3,3,44.207462,2.201151,2.989948,0.788796
2025-01-01 20:38:00.000,3,3,44.366649,2.200789,3.069368,0.868578
2025-01-01 20:39:00.000,3,3,44.524354,2.200574,3.109144,0.908569
2025-01-01 20:40:00.000,3,3,44.680474,2.212561,3.174545,0.961983
2025-01-01 20:41:00.000,3,3,44.834901,2.237106,3.212736,0.975630
2025-01-01 20:42:00.000,3,3,44.987522,2.262127,3.233762,0.971636
2025-01-01 20:43:00.000,3,3,45.138219,2.287630,3.271819,0.984189
2025-01-01 20:44:00.000,3,3,45.286866,2.313622,3.328233,1.014611
2025-01-01 20:45:00.000,3,3,45.433332,2.340107,3.412965,1.072858
2025-01-01 20:46:00.000,3,3,45.577481,2.367093,3.424035,1.056942
2025-01-01 20:47:00.000,3,3,45.719168,2.394584,3.543568,1.148983
2025-01-01 20:48:00.000,3,3,45.858245,2.422588,3.618796,1.196208
2025-01-01 20:49:00.000,3,3,45.994554,2.451110,3.653757,1.202647
2025-01-01 20:50:00.000,3,3,46.127935,2.480157,3.724988,1.244831
2025-01-01 20:51:00.000,3,3,46.258219,2.509736,3.778267,1.268531
2025-01-01 20:52:00.000,3,3,46.385233,2.539852,3.869876,1.330024
2025-01-01 20:53:00.000,3,3,46.508798,2.570514,3.940410,1.369896
2025-01-01 20:54:00.000,3,3,46.628732,2.601727,4.037763,1.436035
2025-01-01 20:55:00.000,3,3,46.744848,2.633500,4.159317,1.525817
2025-01-01 20:56:00.000,3,3,46.856956,2.665839,4.273393,1.607554
2025-01-01 20:57:00.000,3,3,46.964865,2.698752,4.366565,1.667812
2025-01-01 20:58:00.000,4,4,52.761299,2.441093,3.720966,1.279873
2025-01-01 20:59:00.000,4,4,52.785614,2.467061,3.783459,1.316397
2025-01-01 21:00:00.000,4,4,52.803033,2.493511,3.870215,1.376704
2025-01-01 21:01:00.000,4,4,52.813520,2.520450,3.915728,1.395279
2025-01-01 21:02:00.000,4,4,52.817050,2.547884,3.995528,1.447645
2025-01-01 21:03:00.000,4,4,52.813603,2.575820,4.060071,1.484252
2025-01-01 21:04:00.000,4,4,52.803167,2.608501,4.139527,1.531025
2025-01-01 21:05:00.000,4,4,52.785739,2.643453,4.242679,1.599225
2025-01-01 21:06:00.000,4,4,52.761326,2.678933,4.277971,1.599037
2025-01-01 21:07:00.000,4,4,52.729945,2.714951,4.356063,1.641112
2025-01-01 21:08:00.000,4,4,52.691627,2.751515,4.413584,1.662069
2025-01-01 21:09:00.000,4,4,52.646413,2.790515,4.471689,1.681174
2025-01-01 21:10:00.000,4,4,52.594360,2.836053,4.551150,1.715097
2025-01-01 21:11:00.000,4,4,52.535535,2.882199,4.587705,1.705506
2025-01-01 21:12:00.000,4,4,52.470022,2.928964,4.649279,1.720314
2025-01-01 21:13:00.000,4,4,52.397918,2.976363,4.646876,1.670514
2025-01-01 21:14:00.000,4,4,52.319335,3.024407,4.664934,1.640528
2025-01-01 21:15:00.000,4,4,52.234396,3.073109,4.696013,1.622903
2025-01-01 21:16:00.000,4,4,52.143239,3.122485,4.716969,1.594484
2025-01-01 21:17:00.000,4,4,52.046013,3.172547,4.742681,1.570134
2025-01-01 21:18:00.000,4,4,51.942877,3.223309,4.729118,1.505809
2025-01-01 21:19:00.000,4,4,51.834001,3.274787,4.733838,1.459051
2025-01-01 21:20:00.000,3,3,64.056653,1.901938,2.453381,0.551443
2025-01-01 21:21:00.000,3,3,63.994574,1.933531,2.405982,0.472451
2025-01-01 21:22:00.000,3,3,63.925791,1.965271,2.357813,0.392541
2025-01-01 21:23:00.000,3,3,63.850559,1.997170,2.323975,0.326805
2025-01-01 21:24:00.000,3,3,63.769137,2.029237,2.295361,0.266125
2025-01-01 21:25:00.000,3,3,63.681783,2.061483,2.286987,0.225504
2025-01-01 21:26:00.000,3,3,55.631885,2.397838,1.794007,-0.603831
2025-01-01 21:27:00.000,3,3,55.573113,2.439271,1.774617,-0.664655
2025-01-01 21:28:00.000,4,4,45.392542,2.769058,3.802046,1.032988
2025-01-01 21:29:00.000,4,4,45.406602,2.795555,4.197741,1.402185
2025-01-01 21:30:00.000,3,3,55.375430,2.565449,1.707691,-0.857758
2025-01-01 21:31:00.000,4,4,45.426981,2.849411,4.282973,1.433562
2025-01-01 21:32:00.000,4,4,45.433557,2.876782,4.182167,1.305385
2025-01-01 21:33:00.000,4,4,45.437889,2.904456,4.075038,1.170582
2025-01-01 21:34:00.000,4,4,45.440094,2.932439,3.995290,1.062851
2025-01-01 21:35:00.000,4,4,45.440284,2.960738,3.876659,0.915921
2025-01-01 21:36:00.000,5,5,41.404346,2.974994,3.489320,0.514326
2025-01-01 21:37:00.000,5,5,41.470797,2.993969,3.394709,0.400740
2025-01-01 21:38:00.000,5,5,41.536169,3.013236,3.292498,0.279261
2025-01-01 21:39:00.000,5,5,41.600536,3.032800,3.204395,0.171595
2025-01-01 21:40:00.000,4,4,47.566471,2.965375,1.694635,-1.270740
2025-01-01 21:41:00.000,4,4,47.582632,2.995155,1.655330,-1.339825
2025-01-01 21:42:00.000,4,4,47.597894,3.025287,1.619122,-1.406165
2025-01-01 21:43:00.000,5,5,41.849258,3.152036,2.496570,-0.655466
2025-01-01 21:44:00.000,5,5,41.909537,3.189227,2.406689,-0.782537
2025-01-01 21:45:00.000,5,5,41.969155,3.236531,2.346892,-0.889639
2025-01-01 21:46:00.000,5,5,42.028153,3.283823,2.282888,-1.000935
2025-01-01 21:47:00.000,5,5,42.086568,3.331112,2.226145,-1.104967
2025-01-01 21:48:00.000,5,5,39.498461,4.148731,3.421876,-0.726855
2025-01-01 21:49:00.000,5,5,39.669332,4.172822,3.379466,-0.793357
2025-01-01 21:50:00.000,5,5,39.839566,4.196817,3.314395,-0.882422
2025-01-01 21:51:00.000,5,5,40.009176,4.220723,3.700197,-0.520527
2025-01-01 21:52:00.000,5,5,40.178170,4.244548,3.676751,-0.567797
2025-01-01 21:53:00.000,5,5,40.346553,4.268299,3.598174,-0.670126
2025-01-01 21:54:00.000,5,5,40.514325,4.291984,3.530773,-0.761211
2025-01-01 21:55:00.000,5,5,40.681480,4.315611,3.472933,-0.842678
2025-01-01 21:56:00.000,6,6,41.871623,4.249659,3.360983,-0.888676
2025-01-01 21:57:00.000,6,6,41.931866,4.280278,3.337842,-0.942436
2025-01-01 21:58:00.000,6,6,41.991547,4.311051,3.305899,-1.005152
2025-01-01 21:59:00.000,6,6,42.050657,4.341989,3.264689,-1.077299
2025-01-01 22:00:00.000,6,6,42.109181,4.373099,3.215643,-1.157457
2025-01-01 22:01:00.000,5,5,43.726729,4.583331,3.385140,-1.198191
2025-01-01 22:02:00.000,6,6,42.224387,4.435880,3.123577,-1.312303
2025-01-01 22:03:00.000,6,6,42.281015,4.467570,3.058358,-1.409212
2025-01-01 22:04:00.000,6,6,42.336948,4.499472,2.997018,-1.502454
2025-01-01 22:05:00.000,6,6,42.392145,4.531596,2.930938,-1.600658
2025-01-01 22:06:00.000,6,6,42.446562,4.563952,2.871932,-1.692020
2025-01-01 22:07:00.000,6,6,42.500146,4.596549,2.832787,-1.763762
2025-01-01 22:08:00.000,6,6,42.552839,4.629397,2.777569,-1.851829
2025-01-01 22:09:00.000,6,6,42.604576,4.662507,2.735497,-1.927010
2025-01-01 22:10:00.000,6,6,40.975844,5.625663,3.630782,-1.994881
2025-01-01 22:11:00.000,6,6,41.043077,5.646038,3.702256,-1.943782
2025-01-01 22:12:00.000,6,6,41.109415,5.666782,3.731621,-1.935161
2025-01-01 22:13:00.000,7,7,39.011467,5.535461,3.622528,-1.912933
2025-01-01 22:14:00.000,7,7,39.100296,5.558463,3.568148,-1.990315
2025-01-01 22:15:00.000,7,7,39.188062,5.581771,3.469161,-2.112610
2025-01-01 22:16:00.000,7,7,39.274668,5.605391,3.413410,-2.191981
2025-01-01 22:17:00.000,6,6,39.717589,5.660026,3.117841,-2.542185
2025-01-01 22:18:00.000,6,6,39.892122,5.672834,3.064500,-2.608334
2025-01-01 22:19:00.000,6,6,40.064785,5.685790,3.043009,-2.642781
2025-01-01 22:20:00.000,6,6,40.235437,5.698902,3.034535,-2.664367
2025-01-01 22:21:00.000,6,6,40.403936,5.712176,3.062540,-2.649637
2025-01-01 22:22:00.000,6,6,40.570137,5.725621,3.069290,-2.656331
2025-01-01 22:23:00.000,6,6,40.733897,5.739243,3.077567,-2.661675
2025-01-01 22:24:00.000,6,6,40.895075,5.753049,3.081214,-2.671835
2025-01-01 22:25:00.000,6,6,41.053534,5.767046,3.118693,-2.648353
2025-01-01 22:26:00.000,6,6,41.209144,5.781242,3.156982,-2.624260
2025-01-01 22:27:00.000,6,6,41.361785,5.795644,3.191342,-2.604302
2025-01-01 22:28:00.000,6,6,41.511347,5.810258,3.210356,-2.599902
2025-01-01 22:29:00.000,6,6,41.657736,5.825093,3.199578,-2.625515
2025-01-01 22:30:00.000,6,6,41.800873,5.840156,3.160387,-2.679769
2025-01-01 22:31:00.000,6,6,41.940695,5.855453,3.161956,-2.693497
2025-01-01 22:32:00.000,6,6,42.077161,5.870992,3.208534,-2.662458
2025-01-01 22:33:00.000,8,8,37.283696,6.432966,3.968125,-2.464841
2025-01-01 22:34:00.000,8,8,37.373167,6.455900,3.938464,-2.517436
2025-01-01 22:35:00.000,8,8,37.460260,6.479295,3.857439,-2.621856
2025-01-01 22:36:00.000,8,8,37.545002,6.503156,3.746436,-2.756720
2025-01-01 22:37:00.000,8,8,37.627433,6.527491,3.615536,-2.911955
2025-01-01 22:38:00.000,8,8,37.707603,6.552306,3.536500,-3.015806
2025-01-01 22:39:00.000,8,8,37.785574,6.577609,3.522010,-3.055599
2025-01-01 22:40:00.000,8,8,37.861414,6.603406,3.447593,-3.155813
2025-01-01 22:41:00.000,8,8,37.935199,6.629705,3.426340,-3.203365
2025-01-01 22:42:00.000,8,8,38.007009,6.656513,3.341099,-3.315414
2025-01-01 22:43:00.000,8,8,38.076927,6.683838,3.206716,-3.477122
2025-01-01 22:44:00.000,8,8,38.145039,6.711687,3.117456,-3.594231
2025-01-01 22:45:00.000,8,8,38.211431,6.740068,3.004574,-3.735494
2025-01-01 22:46:00.000,8,8,38.276185,6.768989,2.918189,-3.850800
2025-01-01 22:47:00.000,8,8,38.339386,6.798457,2.830096,-3.968361
2025-01-01 22:48:00.000,8,8,38.401113,6.828481,2.806258,-4.022223
2025-01-01 22:49:00.000,8,8,38.461444,6.859068,2.782551,-4.076517
2025-01-01 22:50:00.000,8,8,38.520450,6.890226,2.864587,-4.025639
2025-01-01 22:51:00.000,8,8,38.578202,6.921963,2.976643,-3.945320
2025-01-01 22:52:00.000,8,8,38.634765,6.954288,3.091056,-3.863232
2025-01-01 22:53:00.000,8,8,38.690198,6.987208,3.136528,-3.850680
2025-01-01 22:54:00.000,8,8,38.744558,7.020732,3.156575,-3.864156
2025-01-01 22:55:00.000,8,8,38.797897,7.054867,3.200429,-3.854437
2025-01-01 22:56:00.000,8,8,38.850263,7.089621,3.192165,-3.897457
2025-01-01 22:57:00.000,8,8,38.901698,7.125004,3.199152,-3.925852
2025-01-01 22:58:00.000,8,8,38.952243,7.161022,3.206360,-3.954661
2025-01-01 22:59:00.000,8,8,39.001933,7.197683,3.243215,-3.954468
2025-01-01 23:00:00.000,8,8,39.050799,7.234997,3.244099,-3.990897
2025-01-01 23:01:00.000,8,8,39.098870,7.272970,3.277036,-3.995934
2025-01-01 23:02:00.000,8,8,39.146172,7.311611,3.305598,-4.006012
2025-01-01 23:03:00.000,7,7,42.322099,6.759238,3.747156,-3.012082
2025-01-01 23:04:00.000,7,7,42.431533,6.779803,3.793220,-2.986583
2025-01-01 23:05:00.000,7,7,42.539917,6.800867,3.847356,-2.953512
2025-01-01 23:06:00.000,7,7,42.647262,6.822440,3.913660,-2.908780
2025-01-01 23:07:00.000,7,7,42.753581,6.844529,3.983930,-2.860599
2025-01-01 23:08:00.000,7,7,42.858882,6.867143,4.053139,-2.814004
2025-01-01 23:09:00.000,7,7,42.963169,6.890291,4.120879,-2.769413
2025-01-01 23:10:00.000,7,7,43.066447,6.913981,4.189895,-2.724086
2025-01-01 23:11:00.000,7,7,43.168716,6.938222,4.266857,-2.671365
2025-01-01 23:12:00.000,7,7,43.269976,6.963023,4.338126,-2.624897
2025-01-01 23:13:00.000,7,7,43.370221,6.988391,4.416226,-2.572166
2025-01-01 23:14:00.000,7,7,43.469446,7.014336,4.476580,-2.537757
2025-01-01 23:15:00.000,7,7,43.567644,7.040867,4.531100,-2.509767
2025-01-01 23:16:00.000,7,7,43.664805,7.067992,4.585052,-2.482940
2025-01-01 23:17:00.000,7,7,43.760917,7.095720,4.642886,-2.452833
2025-01-01 23:18:00.000,7,7,43.855965,7.124059,4.718941,-2.405118
2025-01-01 23:19:00.000,7,7,43.949933,7.153018,4.796668,-2.356350
2025-01-01 23:20:00.000,7,7,44.042804,7.182607,4.873000,-2.309607
2025-01-01 23:21:00.000,7,7,44.134557,7.212834,4.951037,-2.261796
2025-01-01 23:22:00.000,7,7,44.225170,7.243707,5.021772,-2.221935
2025-01-01 23:23:00.000,7,7,44.314616,7.275235,5.091043,-2.184192
2025-01-01 23:24:00.000,7,7,44.402870,7.307428,5.176013,-2.131415
2025-01-01 23:25:00.000,7,7,44.489900,7.340294,5.262520,-2.077773
2025-01-01 23:26:00.000,7,7,44.575674,7.373841,5.364077,-2.009764
2025-01-01 23:27:00.000,7,7,44.660155,7.408079,5.481527,-1.926552
2025-01-01 23:28:00.000,7,7,44.743305,7.443017,5.585614,-1.857402
2025-01-01 23:29:00.000,7,7,44.825079,7.478663,5.670918,-1.807745
2025-01-01 23:30:00.000,7,7,44.905431,7.515026,5.771400,-1.743626
2025-01-01 23:31:00.000,7,7,44.984308,7.552115,5.854849,-1.697267
2025-01-01 23:32:00.000,7,7,45.061653,7.589939,5.940193,-1.649746
2025-01-01 23:33:00.000,7,7,45.137403,7.628508,6.019580,-1.608928
2025-01-01 23:34:00.000,7,7,45.211490,7.667829,6.109554,-1.558275
2025-01-01 23:35:00.000,6,6,43.523521,7.930017,6.311054,-1.618963
2025-01-01 23:36:00.000,6,6,43.685960,7.966675,6.381075,-1.585601
2025-01-01 23:37:00.000,6,6,43.846247,8.004045,6.457973,-1.546071
2025-01-01 23:38:00.000,6,6,44.004250,8.042133,6.525349,-1.516784
2025-01-01 23:39:00.000,6,6,44.159823,8.080946,6.591965,-1.488981
2025-01-01 23:40:00.000,6,6,44.312805,8.120492,6.666388,-1.454104
2025-01-01 23:41:00.000,5,5,43.986748,8.480605,7.274267,-1.206338
2025-01-01 23:42:00.000,5,5,44.114339,8.527042,7.367433,-1.159609
2025-01-01 23:43:00.000,5,5,44.238034,8.574408,7.464645,-1.109763
2025-01-01 23:44:00.000,5,5,44.357531,8.622711,7.583925,-1.038785
2025-01-01 23:45:00.000,4,4,51.885170,7.322048,6.407542,-0.914506
2025-01-01 23:46:00.000,4,4,52.110990,7.336463,6.489646,-0.846817
2025-01-01 23:47:00.000,5,5,44.900643,8.374566,7.255414,-1.119151
2025-01-01 23:48:00.000,5,5,45.137592,8.378810,7.350790,-1.028020
2025-01-01 23:49:00.000,5,5,45.367875,8.383602,7.471417,-0.912185
2025-01-01 23:50:00.000,5,5,45.590939,8.388947,7.642961,-0.745986
2025-01-01 23:51:00.000,5,5,45.806199,8.394848,7.843942,-0.550906
2025-01-01 23:52:00.000,5,5,46.013046,8.401311,7.974682,-0.426629
2025-01-01 23:53:00.000,5,5,46.210864,8.408340,8.062227,-0.346113
2025-01-01 23:54:00.000,5,5,46.399060,8.415941,8.168019,-0.247921
2025-01-01 23:55:00.000,5,5,46.577084,8.424117,8.261742,-0.162375
2025-01-01 23:56:00.000,5,5,46.744472,8.432873,8.328713,-0.104160
2025-01-01 23:57:00.000,5,5,46.900868,8.442213,8.355756,-0.086457
2025-01-01 23:58:00.000,5,5,47.046054,8.452140,8.382083,-0.070057
2025-01-01 23:59:00.000,5,5,47.179966,8.462656,8.431758,-0.030899
