epoch,sat_count,mean_elevation_deg,mean_trop_m,min_trop_m,max_trop_m
2025-01-01 00:00:00.000,6,40.781347,5.523629,2.406368,12.468267
2025-01-01 00:01:00.000,7,41.486607,5.249606,2.406130,12.857031
2025-01-01 00:02:00.000,7,41.473756,5.292818,2.406108,13.269569
2025-01-01 00:03:00.000,7,41.453080,5.340779,2.406304,13.708109
2025-01-01 00:04:00.000,6,46.712003,3.930256,2.406719,7.154502
2025-01-01 00:05:00.000,6,46.725365,3.915420,2.407352,7.038843
2025-01-01 00:06:00.000,5,47.504749,3.979691,2.408206,6.927277
2025-01-01 00:07:00.000,5,47.596464,3.958044,2.409281,6.819600
2025-01-01 00:08:00.000,5,47.678481,3.937486,2.410578,6.715620
2025-01-01 00:09:00.000,5,47.751331,3.917981,2.412098,6.615157
2025-01-01 00:10:00.000,5,47.815546,3.899500,2.413843,6.518046
2025-01-01 00:11:00.000,5,47.871648,3.882012,2.415814,6.424127
2025-01-01 00:12:00.000,5,47.920126,3.865491,2.418012,6.333254
2025-01-01 00:13:00.000,5,47.961435,3.849912,2.420438,6.245288
2025-01-01 00:14:00.000,5,47.995987,3.835252,2.423094,6.160099
2025-01-01 00:15:00.000,5,48.024152,3.821490,2.425982,6.077564
2025-01-01 00:16:00.000,5,48.046260,3.808608,2.429103,5.997568
2025-01-01 00:17:00.000,5,48.062600,3.796587,2.432459,5.920002
2025-01-01 00:18:00.000,5,48.073431,3.785411,2.436051,5.844764
2025-01-01 00:19:00.000,5,48.078976,3.775066,2.439882,5.771757
2025-01-01 00:20:00.000,5,48.079434,3.765539,2.443954,5.700888
2025-01-01 00:21:00.000,5,48.074977,3.756817,2.448268,5.632072
2025-01-01 00:22:00.000,5,48.065757,3.748891,2.452827,5.565227
2025-01-01 00:23:00.000,5,48.051909,3.741751,2.457633,5.500274
2025-01-01 00:24:00.000,5,48.033552,3.735389,2.462688,5.437141
2025-01-01 00:25:00.000,5,48.010790,3.729799,2.467995,5.375757
2025-01-01 00:26:00.000,5,47.983718,3.724974,2.473556,5.316055
2025-01-01 00:27:00.000,5,47.952422,3.720911,2.479373,5.257975
2025-01-01 00:28:00.000,5,47.916977,3.717605,2.485450,5.201454
2025-01-01 00:29:00.000,5,47.877454,3.715056,2.491790,5.146437
2025-01-01 00:30:00.000,6,41.541313,5.369198,2.498395,13.648884
2025-01-01 00:31:00.000,6,41.568773,5.281953,2.505267,13.130611
2025-01-01 00:32:00.000,6,41.593191,5.201520,2.512412,12.649435
2025-01-01 00:33:00.000,6,41.614611,5.127267,2.519830,12.201547
2025-01-01 00:34:00.000,6,41.633076,5.058646,2.527527,11.783641
2025-01-01 00:35:00.000,6,41.648623,4.995179,2.535505,11.392834
2025-01-01 00:36:00.000,6,41.661292,4.936452,2.543769,11.026603
2025-01-01 00:37:00.000,6,41.671121,4.882100,2.552321,10.682729
2025-01-01 00:38:00.000,6,41.678145,4.831803,2.561166,10.359250
2025-01-01 00:39:00.000,6,41.682402,4.785280,2.570308,10.054429
2025-01-01 00:40:00.000,6,41.683926,4.742281,2.579750,9.766721
2025-01-01 00:41:00.000,6,41.682755,4.702588,2.589498,9.494747
2025-01-01 00:42:00.000,6,41.678922,4.666005,2.599556,9.237272
2025-01-01 00:43:00.000,6,41.672465,4.632361,2.609928,8.993186
2025-01-01 00:44:00.000,6,41.663419,4.601503,2.620618,8.761491
2025-01-01 00:45:00.000,6,41.651820,4.573295,2.631633,8.541287
2025-01-01 00:46:00.000,6,41.637703,4.547620,2.642977,8.331755
2025-01-01 00:47:00.000,6,41.621106,4.524371,2.654656,8.132157
2025-01-01 00:48:00.000,6,41.602063,4.503457,2.666674,7.941819
2025-01-01 00:49:00.000,6,41.580612,4.484796,2.679038,7.760126
2025-01-01 00:50:00.000,6,41.556790,4.468320,2.691753,7.586518
2025-01-01 00:51:00.000,6,41.530632,4.453969,2.704826,7.420482
2025-01-01 00:52:00.000,6,41.502177,4.441691,2.718262,7.261548
2025-01-01 00:53:00.000,6,41.471460,4.431446,2.732069,7.109282
2025-01-01 00:54:00.000,6,41.438519,4.423199,2.746253,6.963288
2025-01-01 00:55:00.000,6,41.403392,4.416925,2.760820,7.066544
2025-01-01 00:56:00.000,6,41.366114,4.412607,2.775779,7.185169
2025-01-01 00:57:00.000,6,41.326723,4.410233,2.791136,7.308680
2025-01-01 00:58:00.000,6,41.285256,4.409801,2.796036,7.437356
2025-01-01 00:59:00.000,6,41.241749,4.411315,2.791960,7.571497
2025-01-01 01:00:00.000,6,41.196240,4.414788,2.788029,7.711431
2025-01-01 01:01:00.000,6,41.148764,4.420237,2.784243,7.857509
2025-01-01 01:02:00.000,6,41.099358,4.427692,2.780600,8.010114
2025-01-01 01:03:00.000,6,41.048058,4.437187,2.777097,8.169661
2025-01-01 01:04:00.000,6,40.994900,4.448765,2.773732,8.336603
2025-01-01 01:05:00.000,6,40.939919,4.462480,2.770505,8.511430
2025-01-01 01:06:00.000,5,45.870898,3.635136,2.767412,5.590661
2025-01-01 01:07:00.000,6,40.687078,4.577371,2.764453,9.371697
2025-01-01 01:08:00.000,6,40.614250,4.610129,2.761626,9.646915
2025-01-01 01:09:00.000,5,45.866990,3.587906,2.758928,5.330154
2025-01-01 01:10:00.000,6,40.464660,4.686248,2.756360,10.248056
2025-01-01 01:11:00.000,6,40.387953,4.730095,2.753918,10.577132
2025-01-01 01:12:00.000,5,45.846985,3.548290,2.751602,5.094023
2025-01-01 01:13:00.000,5,45.836888,3.536675,2.749410,5.020186
2025-01-01 01:14:00.000,5,51.053924,3.314259,2.595219,4.948613
2025-01-01 01:15:00.000,6,44.257056,4.945314,2.592805,13.134204
2025-01-01 01:16:00.000,7,39.703395,5.787464,2.590513,12.850139
2025-01-01 01:17:00.000,6,44.260774,4.843203,2.588345,12.578645
2025-01-01 01:18:00.000,6,44.259533,4.795986,2.586301,12.318957
2025-01-01 01:19:00.000,7,39.544586,5.817608,2.584382,12.216310
2025-01-01 01:20:00.000,6,44.250822,4.708601,2.582588,11.832231
2025-01-01 01:21:00.000,6,44.243340,4.668211,2.580921,11.603945
2025-01-01 01:22:00.000,6,44.233768,4.629887,2.579380,11.384957
2025-01-01 01:23:00.000,6,44.222099,4.593539,2.577968,11.174754
2025-01-01 01:24:00.000,6,44.208328,4.559085,2.576684,10.972860
2025-01-01 01:25:00.000,5,50.470469,3.275967,2.575530,4.287072
2025-01-01 01:26:00.000,5,50.402999,3.276206,2.574507,4.236580
2025-01-01 01:27:00.000,5,50.333140,3.277042,2.573615,4.187448
2025-01-01 01:28:00.000,6,44.132149,4.438729,2.572856,10.240005
2025-01-01 01:29:00.000,6,44.107813,4.412686,2.572230,10.073623
2025-01-01 01:30:00.000,6,44.081357,4.388152,2.571739,9.913321
2025-01-01 01:31:00.000,6,44.052780,4.365076,2.571383,9.758807
2025-01-01 01:32:00.000,6,40.200636,4.474523,2.729579,9.609812
2025-01-01 01:33:00.000,6,43.989265,4.323128,2.571083,9.466081
2025-01-01 01:34:00.000,6,40.210773,4.430819,2.729726,9.327375
2025-01-01 01:35:00.000,6,40.214191,4.410966,2.729949,9.193471
2025-01-01 01:36:00.000,6,40.216523,4.392399,2.730269,9.064159
2025-01-01 01:37:00.000,5,45.161922,3.462259,2.730687,3.863591
2025-01-01 01:38:00.000,6,40.217975,4.359009,2.731201,8.818532
2025-01-01 01:39:00.000,6,43.748049,4.228330,2.573556,8.701856
2025-01-01 01:40:00.000,6,40.215208,4.330437,2.732515,8.589048
2025-01-01 01:41:00.000,6,38.823587,5.833764,2.575538,13.550448
2025-01-01 01:42:00.000,7,34.780197,6.874189,2.576753,13.719793
2025-01-01 01:43:00.000,6,38.986620,5.639909,2.578117,12.558649
2025-01-01 01:44:00.000,6,39.065592,5.553064,2.579635,12.114617
2025-01-01 01:45:00.000,6,39.142870,5.472152,2.581305,11.700548
2025-01-01 01:46:00.000,6,39.218456,5.396672,2.583131,11.313536
2025-01-01 01:47:00.000,6,39.292354,5.326190,2.585114,10.951044
2025-01-01 01:48:00.000,6,39.364572,5.260323,2.587255,10.610838
2025-01-01 01:49:00.000,6,39.435114,5.198733,2.589557,10.290951
2025-01-01 01:50:00.000,6,39.503990,5.141122,2.592020,9.989640
2025-01-01 01:51:00.000,6,39.571207,5.087227,2.594647,9.705355
2025-01-01 01:52:00.000,6,39.636776,5.036811,2.597440,9.436714
2025-01-01 01:53:00.000,7,35.986151,5.717667,2.600400,10.085676
2025-01-01 01:54:00.000,6,39.763013,4.945605,2.603529,8.941551
2025-01-01 01:55:00.000,6,39.823703,4.904462,2.606830,8.712921
2025-01-01 01:56:00.000,6,39.882792,4.866088,2.610304,8.495693
2025-01-01 01:57:00.000,7,36.375540,5.459748,2.613953,9.236140
2025-01-01 01:58:00.000,7,36.468832,5.404536,2.617780,9.048974
2025-01-01 01:59:00.000,6,40.050581,4.766322,2.621786,7.904644
2025-01-01 02:00:00.000,6,40.103397,4.737831,2.625974,7.725594
2025-01-01 02:01:00.000,6,40.154681,4.711576,2.630347,7.554552
2025-01-01 02:02:00.000,6,40.204445,4.687480,2.634906,7.391006
2025-01-01 02:03:00.000,6,40.252705,4.665481,2.639654,7.234488
2025-01-01 02:04:00.000,6,40.299475,4.645521,2.644593,7.084569
2025-01-01 02:05:00.000,6,40.344769,4.627552,2.649727,6.940854
2025-01-01 02:06:00.000,6,40.388600,4.611533,2.655057,6.802977
2025-01-01 02:07:00.000,6,40.430984,4.597430,2.660587,6.670602
2025-01-01 02:08:00.000,6,40.471932,4.585214,2.666319,6.544881
2025-01-01 02:09:00.000,6,40.511458,4.574865,2.672255,6.500634
2025-01-01 02:10:00.000,6,40.549576,4.566369,2.678400,6.457859
2025-01-01 02:11:00.000,6,40.586296,4.559716,2.684756,6.416520
2025-01-01 02:12:00.000,7,37.607785,4.925139,2.691325,7.146539
2025-01-01 02:13:00.000,7,37.677367,4.908569,2.698112,7.048342
2025-01-01 02:14:00.000,7,37.745394,4.894122,2.705119,6.953873
2025-01-01 02:15:00.000,7,37.811865,4.881788,2.712350,6.908357
2025-01-01 02:16:00.000,7,37.876782,4.871562,2.719808,7.056908
2025-01-01 02:17:00.000,7,37.940144,4.863450,2.727497,7.211855
2025-01-01 02:18:00.000,7,38.001949,4.857462,2.735420,7.373604
2025-01-01 02:19:00.000,7,38.062195,4.853617,2.743581,7.542592
2025-01-01 02:20:00.000,7,38.120880,4.851944,2.751984,7.719298
2025-01-01 02:21:00.000,7,38.178000,4.852479,2.751177,7.904242
2025-01-01 02:22:00.000,7,38.233551,4.855266,2.738458,8.097994
2025-01-01 02:23:00.000,7,38.287529,4.860361,2.726061,8.301176
2025-01-01 02:24:00.000,7,38.339927,4.867830,2.713981,8.514469
2025-01-01 02:25:00.000,7,38.390738,4.877750,2.702213,8.738626
2025-01-01 02:26:00.000,7,38.439957,4.890211,2.690750,8.974470
2025-01-01 02:27:00.000,7,38.487573,4.905316,2.679588,9.222916
2025-01-01 02:28:00.000,8,36.219679,5.179777,2.668723,9.484973
2025-01-01 02:29:00.000,8,36.208616,5.214968,2.658148,9.761761
2025-01-01 02:30:00.000,8,36.196217,5.253523,2.647860,10.054529
2025-01-01 02:31:00.000,7,38.661821,4.994837,2.637855,10.364667
2025-01-01 02:32:00.000,7,38.701271,5.025333,2.628127,10.693735
2025-01-01 02:33:00.000,7,38.739048,5.059497,2.618672,11.043484
2025-01-01 02:34:00.000,7,38.775138,5.097594,2.609487,11.415887
2025-01-01 02:35:00.000,7,38.809524,5.139926,2.600567,11.813179
2025-01-01 02:36:00.000,7,38.842187,5.186840,2.591909,12.237896
2025-01-01 02:37:00.000,7,38.873108,5.238735,2.583509,12.692931
2025-01-01 02:38:00.000,7,38.902266,5.296070,2.575363,13.181601
2025-01-01 02:39:00.000,7,38.929638,5.359378,2.567468,13.707722
2025-01-01 02:40:00.000,6,43.842493,3.954871,2.559820,5.737280
2025-01-01 02:41:00.000,6,43.937066,3.942453,2.552416,5.729419
2025-01-01 02:42:00.000,6,44.029165,3.930722,2.545253,5.722509
2025-01-01 02:43:00.000,6,44.118755,3.919664,2.538328,5.716549
2025-01-01 02:44:00.000,6,44.205796,3.909269,2.531637,5.711536
2025-01-01 02:45:00.000,7,39.869693,4.820592,2.525178,10.346981
2025-01-01 02:46:00.000,6,44.372063,3.890428,2.518948,5.704352
2025-01-01 02:47:00.000,6,44.451198,3.881962,2.512944,5.702181
2025-01-01 02:48:00.000,6,44.527599,3.874123,2.507163,5.700959
2025-01-01 02:49:00.000,6,44.601212,3.866902,2.501604,5.700687
2025-01-01 02:50:00.000,6,44.671978,3.860292,2.496262,5.701369
2025-01-01 02:51:00.000,6,44.739834,3.854287,2.491137,5.703007
2025-01-01 02:52:00.000,6,44.804713,3.848881,2.486226,5.705607
2025-01-01 02:53:00.000,6,44.866541,3.844068,2.481525,5.709173
2025-01-01 02:54:00.000,6,44.925241,3.839845,2.477034,5.713711
2025-01-01 02:55:00.000,6,44.980729,3.836206,2.472750,5.719227
2025-01-01 02:56:00.000,6,45.032917,3.833148,2.468671,5.725728
2025-01-01 02:57:00.000,6,45.081708,3.830669,2.464794,5.733224
2025-01-01 02:58:00.000,6,45.127000,3.828765,2.461119,5.741722
2025-01-01 02:59:00.000,5,38.927648,4.101392,3.060274,5.751232
2025-01-01 03:00:00.000,5,38.909314,4.101138,3.068019,5.761765
2025-01-01 03:01:00.000,5,38.888610,4.101529,3.075872,5.773333
2025-01-01 03:02:00.000,6,45.270925,3.826870,2.448390,5.785949
2025-01-01 03:03:00.000,6,45.296971,3.827823,2.445692,5.799625
2025-01-01 03:04:00.000,6,45.318773,3.829346,2.443185,5.814376
2025-01-01 03:05:00.000,6,45.336186,3.831441,2.440867,5.830217
2025-01-01 03:06:00.000,6,45.349064,3.834110,2.438736,5.847166
2025-01-01 03:07:00.000,5,38.714602,4.117466,3.125342,5.865239
2025-01-01 03:08:00.000,5,38.677303,4.122403,3.133992,5.884456
2025-01-01 03:09:00.000,5,38.637636,4.128001,3.142763,5.904836
2025-01-01 03:10:00.000,5,38.595600,4.134263,3.151656,5.926401
2025-01-01 03:11:00.000,5,38.551196,4.141196,3.156501,5.949172
2025-01-01 03:12:00.000,5,38.504427,4.148804,3.135904,5.973175
2025-01-01 03:13:00.000,5,38.455293,4.157094,3.115794,5.998433
2025-01-01 03:14:00.000,5,38.403796,4.166074,3.096160,6.024974
2025-01-01 03:15:00.000,6,34.066615,5.297543,3.076990,10.906506
2025-01-01 03:16:00.000,5,38.293719,4.186134,3.058275,6.082019
2025-01-01 03:17:00.000,5,38.235143,4.197232,3.040004,6.112584
2025-01-01 03:18:00.000,6,33.509756,5.758233,3.022168,13.504119
2025-01-01 03:19:00.000,6,33.520540,5.688409,3.004758,13.022369
2025-01-01 03:20:00.000,6,33.529665,5.624487,2.987765,12.572296
2025-01-01 03:21:00.000,6,33.537132,5.565981,2.971179,12.150915
2025-01-01 03:22:00.000,6,33.542943,5.512465,2.954993,11.755602
2025-01-01 03:23:00.000,6,33.547097,5.463567,2.939197,11.384047
2025-01-01 03:24:00.000,6,33.549595,5.418957,2.923786,11.034203
2025-01-01 03:25:00.000,6,33.550439,5.378347,2.908750,10.704253
2025-01-01 03:26:00.000,6,33.549628,5.341480,2.894083,10.392574
2025-01-01 03:27:00.000,7,31.211455,5.703884,2.879776,10.097719
2025-01-01 03:28:00.000,6,33.543046,5.278103,2.865825,9.818387
2025-01-01 03:29:00.000,6,33.537274,5.251214,2.852221,9.553409
2025-01-01 03:30:00.000,6,33.529849,5.227308,2.838958,9.301730
2025-01-01 03:31:00.000,6,33.520770,5.206248,2.826030,9.062396
2025-01-01 03:32:00.000,6,33.510037,5.187909,2.813431,8.834543
2025-01-01 03:33:00.000,6,33.497649,5.172184,2.801154,8.617385
2025-01-01 03:34:00.000,6,33.483605,5.158976,2.789195,8.410205
2025-01-01 03:35:00.000,6,33.467902,5.148202,2.777548,8.212351
2025-01-01 03:36:00.000,7,31.627740,5.371240,2.766207,8.023225
2025-01-01 03:37:00.000,7,31.667455,5.348833,2.755167,7.842280
2025-01-01 03:38:00.000,7,31.705849,5.328963,2.744423,7.669014
2025-01-01 03:39:00.000,7,31.742915,5.311560,2.733970,7.502963
2025-01-01 03:40:00.000,7,31.778647,5.296566,2.723804,7.343703
2025-01-01 03:41:00.000,7,31.813040,5.283927,2.713920,7.381133
2025-01-01 03:42:00.000,7,31.846087,5.273601,2.704313,7.463853
2025-01-01 03:43:00.000,7,31.877778,5.265552,2.694979,7.549846
2025-01-01 03:44:00.000,7,31.908106,5.259751,2.685914,7.639261
2025-01-01 03:45:00.000,7,31.937062,5.256176,2.677114,7.732257
2025-01-01 03:46:00.000,7,31.964635,5.254812,2.668574,7.829002
2025-01-01 03:47:00.000,7,31.990814,5.255652,2.660292,7.929679
2025-01-01 03:48:00.000,7,32.015588,5.258693,2.652262,8.034481
2025-01-01 03:49:00.000,7,32.038943,5.263941,2.644483,8.143615
2025-01-01 03:50:00.000,7,32.060866,5.271408,2.636949,8.257305
2025-01-01 03:51:00.000,7,32.081343,5.281111,2.629658,8.375790
2025-01-01 03:52:00.000,7,32.100357,5.293077,2.622607,8.499327
2025-01-01 03:53:00.000,7,32.117892,5.307338,2.615792,8.628195
2025-01-01 03:54:00.000,7,32.133930,5.323933,2.609210,8.762691
2025-01-01 03:55:00.000,7,32.148454,5.342910,2.602858,8.903138
2025-01-01 03:56:00.000,7,32.161441,5.364325,2.596733,9.049886
2025-01-01 03:57:00.000,7,32.172874,5.388242,2.590832,9.203312
2025-01-01 03:58:00.000,7,32.182728,5.414735,2.585153,9.363825
2025-01-01 03:59:00.000,7,32.190982,5.443885,2.579693,9.531871
2025-01-01 04:00:00.000,7,32.197611,5.475787,2.574449,9.707934
2025-01-01 04:01:00.000,6,33.248153,5.518580,2.569418,9.892540
2025-01-01 04:02:00.000,6,33.282326,5.556614,2.564599,10.086266
2025-01-01 04:03:00.000,6,33.315026,5.598080,2.559989,10.289742
2025-01-01 04:04:00.000,7,32.207380,5.633211,2.555585,10.503659
2025-01-01 04:05:00.000,6,33.375836,5.691990,2.551385,10.728776
2025-01-01 04:06:00.000,7,32.201840,5.731818,2.547388,10.965927
2025-01-01 04:07:00.000,7,32.196365,5.786718,2.543590,11.216035
2025-01-01 04:08:00.000,7,32.189050,5.845640,2.539990,11.480119
2025-01-01 04:09:00.000,6,34.815384,5.480937,2.536586,11.759311
2025-01-01 04:10:00.000,6,34.872237,5.523887,2.533376,12.054869
2025-01-01 04:11:00.000,6,34.926758,5.570586,2.530359,12.368196
2025-01-01 04:12:00.000,6,34.978913,5.621289,2.527531,12.700861
2025-01-01 04:13:00.000,5,39.925963,4.200613,2.524892,5.975959
2025-01-01 04:14:00.000,5,46.293201,3.577281,2.522440,4.256672
2025-01-01 04:15:00.000,6,42.539687,3.984117,2.520172,6.081105
2025-01-01 04:16:00.000,6,42.608520,3.983321,2.518089,6.136069
2025-01-01 04:17:00.000,6,42.674749,3.983304,2.516187,6.192689
2025-01-01 04:18:00.000,5,44.624934,3.574252,2.732369,4.206191
2025-01-01 04:19:00.000,5,46.911527,3.520496,2.512923,4.232313
2025-01-01 04:20:00.000,7,38.204044,5.329603,2.511558,13.379768
2025-01-01 04:21:00.000,7,38.309939,5.260103,2.510369,12.874729
2025-01-01 04:22:00.000,7,38.413700,5.196384,2.509355,12.405468
2025-01-01 04:23:00.000,7,38.515315,5.137929,2.508515,11.968351
2025-01-01 04:24:00.000,7,38.614774,5.084292,2.507847,11.560217
2025-01-01 04:25:00.000,7,38.712069,5.035083,2.507350,11.178310
2025-01-01 04:26:00.000,7,38.807198,4.989963,2.507023,10.820209
2025-01-01 04:27:00.000,7,38.900160,4.948633,2.506865,10.483785
2025-01-01 04:28:00.000,7,38.990958,4.910832,2.506874,10.167154
2025-01-01 04:29:00.000,6,42.278753,4.518676,2.507051,9.868646
2025-01-01 04:30:00.000,6,42.420331,4.468081,2.507392,9.586771
2025-01-01 04:31:00.000,6,42.559644,4.420451,2.507899,9.320201
2025-01-01 04:32:00.000,7,39.332694,4.790709,2.508570,9.067744
2025-01-01 04:33:00.000,7,39.412833,4.767598,2.509403,8.828329
2025-01-01 04:34:00.000,8,36.653202,5.187204,2.510398,8.600990
2025-01-01 04:35:00.000,8,36.766312,5.149450,2.511555,8.384857
2025-01-01 04:36:00.000,7,39.640863,4.712806,2.512872,8.179139
2025-01-01 04:37:00.000,7,39.712827,4.699067,2.514348,7.983119
2025-01-01 04:38:00.000,7,39.782813,4.687458,2.515984,7.879821
2025-01-01 04:39:00.000,7,39.850850,4.677914,2.517777,7.991364
2025-01-01 04:40:00.000,7,39.916970,4.670380,2.519729,8.106671
2025-01-01 04:41:00.000,7,39.981201,4.664809,2.521837,8.225907
2025-01-01 04:42:00.000,8,37.508065,4.961635,2.524101,8.349247
2025-01-01 04:43:00.000,8,37.607141,4.944570,2.526521,8.476876
2025-01-01 04:44:00.000,8,37.704561,4.929736,2.529097,8.608994
2025-01-01 04:45:00.000,7,40.936289,4.370123,2.531827,6.706433
2025-01-01 04:46:00.000,7,41.080947,4.337861,2.534711,6.595845
2025-01-01 04:47:00.000,7,41.223859,4.307270,2.537749,6.489337
2025-01-01 04:48:00.000,7,41.365039,4.278283,2.540940,6.386707
2025-01-01 04:49:00.000,8,38.167541,4.887578,2.544285,9.344756
2025-01-01 04:50:00.000,8,38.255446,4.885361,2.547781,9.508734
2025-01-01 04:51:00.000,8,38.341826,4.885185,2.551430,9.679003
2025-01-01 04:52:00.000,8,38.426694,4.887049,2.555231,9.855895
2025-01-01 04:53:00.000,8,38.510063,4.890958,2.559184,10.039769
2025-01-01 04:54:00.000,8,38.591944,4.896925,2.563288,10.231009
2025-01-01 04:55:00.000,8,38.672344,4.904970,2.567543,10.430030
2025-01-01 04:56:00.000,8,38.751272,4.915116,2.571948,10.637275
2025-01-01 04:57:00.000,8,38.828733,4.927398,2.576505,10.853227
2025-01-01 04:58:00.000,7,42.683898,4.065205,2.581212,5.825761
2025-01-01 04:59:00.000,7,42.806595,4.050701,2.586070,5.889113
2025-01-01 05:00:00.000,7,42.927615,4.037315,2.591077,5.954187
2025-01-01 05:01:00.000,7,43.046951,4.025026,2.596236,6.021050
2025-01-01 05:02:00.000,7,43.164593,4.013815,2.601544,6.089772
2025-01-01 05:03:00.000,7,43.280529,4.003666,2.607002,6.160428
2025-01-01 05:04:00.000,7,43.394746,3.994564,2.612611,6.233098
2025-01-01 05:05:00.000,7,43.507227,3.986497,2.618370,6.307864
2025-01-01 05:06:00.000,7,43.617955,3.979453,2.624279,6.384814
2025-01-01 05:07:00.000,7,43.726910,3.973426,2.630339,6.464041
2025-01-01 05:08:00.000,7,43.834070,3.968408,2.636549,6.545643
2025-01-01 05:09:00.000,7,43.939412,3.964394,2.642909,6.629723
2025-01-01 05:10:00.000,7,44.042911,3.961383,2.649421,6.716391
2025-01-01 05:11:00.000,7,44.144538,3.959373,2.656083,6.805764
2025-01-01 05:12:00.000,7,44.244266,3.958366,2.662896,6.897966
2025-01-01 05:13:00.000,7,44.342063,3.958365,2.666220,6.993126
2025-01-01 05:14:00.000,7,44.437897,3.959375,2.654664,7.091384
2025-01-01 05:15:00.000,7,44.531732,3.961403,2.643438,7.192889
2025-01-01 05:16:00.000,7,44.623533,3.964459,2.632537,7.297797
2025-01-01 05:17:00.000,7,44.713262,3.968555,2.621957,7.406278
2025-01-01 05:18:00.000,8,44.162146,3.944476,2.611693,7.518509
2025-01-01 05:19:00.000,8,44.196913,3.953093,2.601741,7.634683
2025-01-01 05:20:00.000,7,44.969607,3.987228,2.592097,7.755004
2025-01-01 05:21:00.000,7,45.050630,3.995644,2.582757,7.879691
2025-01-01 05:22:00.000,8,44.290355,3.985018,2.573716,8.008979
2025-01-01 05:23:00.000,8,44.317742,3.997758,2.564972,8.143119
2025-01-01 05:24:00.000,8,44.343174,4.011590,2.556520,8.282381
2025-01-01 05:25:00.000,8,44.366602,4.026546,2.548358,8.427058
2025-01-01 05:26:00.000,7,45.420354,4.055322,2.540482,8.577461
2025-01-01 05:27:00.000,7,45.486840,4.071015,2.532888,8.733928
2025-01-01 05:28:00.000,8,44.424350,4.078507,2.525573,8.896826
2025-01-01 05:29:00.000,8,44.439236,4.098328,2.518535,9.066548
2025-01-01 05:30:00.000,8,44.451839,4.119479,2.511771,9.243523
2025-01-01 05:31:00.000,8,44.462096,4.142014,2.505278,9.428214
2025-01-01 05:32:00.000,8,44.469937,4.165993,2.499052,9.621128
2025-01-01 05:33:00.000,8,44.475289,4.191482,2.493093,9.822812
2025-01-01 05:34:00.000,8,44.478075,4.218553,2.487397,10.033869
2025-01-01 05:35:00.000,8,44.478211,4.247287,2.481961,10.254953
2025-01-01 05:36:00.000,8,44.475608,4.277771,2.476784,10.486782
2025-01-01 05:37:00.000,8,44.470172,4.310103,2.471864,10.730147
2025-01-01 05:38:00.000,8,44.461800,4.344390,2.467198,10.985915
2025-01-01 05:39:00.000,8,44.450383,4.380750,2.462785,11.255043
2025-01-01 05:40:00.000,8,44.435804,4.419316,2.458622,11.538590
2025-01-01 05:41:00.000,8,44.417936,4.460234,2.454708,11.837730
2025-01-01 05:42:00.000,8,44.396645,4.503667,2.451041,12.153766
2025-01-01 05:43:00.000,8,44.371787,4.549798,2.447619,12.488151
2025-01-01 05:44:00.000,8,44.343208,4.598830,2.444442,12.842513
2025-01-01 05:45:00.000,7,49.153728,3.427038,2.441506,4.580876
2025-01-01 05:46:00.000,7,49.156148,3.433380,2.438812,4.619441
2025-01-01 05:47:00.000,7,49.153817,3.440188,2.436358,4.658653
2025-01-01 05:48:00.000,6,48.865705,3.508587,2.434142,4.698528
2025-01-01 05:49:00.000,6,48.767617,3.521243,2.432163,4.739082
2025-01-01 05:50:00.000,7,43.640214,4.490829,2.430421,10.229601
2025-01-01 05:51:00.000,7,43.590975,4.469149,2.428914,9.996251
2025-01-01 05:52:00.000,6,48.434374,3.562045,2.427642,4.864979
2025-01-01 05:53:00.000,6,48.309589,3.576611,2.426603,4.908415
2025-01-01 05:54:00.000,6,48.177651,3.591671,2.425797,4.952618
2025-01-01 05:55:00.000,7,43.335929,4.399949,2.425223,9.156239
2025-01-01 05:56:00.000,7,43.257021,4.386673,2.424881,8.966877
2025-01-01 05:57:00.000,6,47.737832,3.639897,2.424770,5.090024
2025-01-01 05:58:00.000,6,47.576418,3.657016,2.424889,5.137495
2025-01-01 05:59:00.000,6,47.407653,3.674672,2.425238,5.185838
2025-01-01 06:00:00.000,6,47.231643,3.692874,2.425816,5.235075
2025-01-01 06:01:00.000,7,48.523973,3.586526,2.426624,5.285232
2025-01-01 06:02:00.000,7,48.433267,3.600836,2.427661,5.336333
2025-01-01 06:03:00.000,7,48.336845,3.615698,2.428927,5.388405
2025-01-01 06:04:00.000,7,48.234913,3.631122,2.430422,5.441475
2025-01-01 06:05:00.000,6,51.855490,3.339043,2.432146,5.126924
2025-01-01 06:06:00.000,5,50.143757,3.466897,2.434099,5.181225
2025-01-01 06:07:00.000,6,44.798815,4.117071,2.436281,7.290036
2025-01-01 06:08:00.000,6,44.675066,4.110011,2.438692,7.167007
2025-01-01 06:09:00.000,5,49.493741,3.515313,2.441333,5.353163
2025-01-01 06:10:00.000,6,44.412896,4.099249,2.444204,6.932535
2025-01-01 06:11:00.000,5,49.030373,3.550464,2.447305,5.475902
2025-01-01 06:12:00.000,6,44.132900,4.092849,2.450636,6.712376
2025-01-01 06:13:00.000,6,43.986823,4.091250,2.454199,6.607276
2025-01-01 06:14:00.000,6,43.836990,4.090705,2.457993,6.505307
2025-01-01 06:15:00.000,6,43.683605,4.091206,2.462020,6.406337
2025-01-01 06:16:00.000,6,43.526861,4.092747,2.466280,6.310241
2025-01-01 06:17:00.000,6,43.366934,4.095326,2.470774,6.216902
2025-01-01 06:18:00.000,6,43.203992,4.098940,2.475503,6.126209
2025-01-01 06:19:00.000,6,43.038189,4.103589,2.480468,6.043991
2025-01-01 06:20:00.000,6,42.869670,4.109277,2.485670,6.125086
2025-01-01 06:21:00.000,6,42.698570,4.116006,2.491109,6.208756
2025-01-01 06:22:00.000,6,42.525013,4.123785,2.496788,6.295120
2025-01-01 06:23:00.000,6,42.349118,4.132621,2.502706,6.384302
2025-01-01 06:24:00.000,6,42.170993,4.142526,2.508867,6.476434
2025-01-01 06:25:00.000,6,41.990743,4.153510,2.515270,6.571658
2025-01-01 06:26:00.000,7,38.714207,4.561079,2.521917,6.934005
2025-01-01 06:27:00.000,7,38.519147,4.584809,2.528811,7.020949
2025-01-01 06:28:00.000,7,38.322581,4.609818,2.535952,7.110050
2025-01-01 06:29:00.000,7,38.124577,4.636138,2.543342,7.201390
2025-01-01 06:30:00.000,7,37.925200,4.663802,2.550983,7.295054
2025-01-01 06:31:00.000,7,37.724513,4.692848,2.558878,7.391135
2025-01-01 06:32:00.000,7,37.522572,4.723315,2.567026,7.489726
2025-01-01 06:33:00.000,7,37.319433,4.755248,2.575432,7.590930
2025-01-01 06:34:00.000,7,37.115150,4.788694,2.584096,7.694851
2025-01-01 06:35:00.000,7,36.909773,4.823705,2.593022,7.801602
2025-01-01 06:36:00.000,7,36.703351,4.860337,2.602210,7.911302
2025-01-01 06:37:00.000,6,35.137668,5.148610,2.611665,8.024074
2025-01-01 06:38:00.000,6,34.957924,5.191506,2.621387,8.175772
2025-01-01 06:39:00.000,6,34.777418,5.236429,2.631381,8.336013
2025-01-01 06:40:00.000,6,34.596184,5.283466,2.641647,8.503175
2025-01-01 06:41:00.000,6,34.414251,5.332715,2.652190,8.677703
2025-01-01 06:42:00.000,6,34.231651,5.384279,2.663012,8.860081
2025-01-01 06:43:00.000,6,34.048412,5.438274,2.674116,9.050836
2025-01-01 06:44:00.000,6,33.097394,6.166645,2.685504,13.281474
2025-01-01 06:45:00.000,6,33.034318,6.111664,2.697181,12.805443
2025-01-01 06:46:00.000,6,32.971051,6.063057,2.709149,12.360901
2025-01-01 06:47:00.000,6,32.907615,6.020363,2.721412,11.944866
2025-01-01 06:48:00.000,6,32.844029,5.983185,2.733974,11.554723
2025-01-01 06:49:00.000,6,32.780317,5.951180,2.746837,11.188166
2025-01-01 06:50:00.000,6,32.716496,5.924054,2.760006,10.843155
2025-01-01 06:51:00.000,6,32.652588,5.901551,2.773485,10.517879
2025-01-01 06:52:00.000,6,32.588611,5.883458,2.787277,10.210725
2025-01-01 06:53:00.000,6,32.524583,5.869588,2.801387,10.384190
2025-01-01 06:54:00.000,6,32.460522,5.859788,2.815819,10.578109
2025-01-01 06:55:00.000,6,32.396446,5.853931,2.830577,10.779362
2025-01-01 06:56:00.000,6,32.332371,5.851912,2.845666,10.988375
2025-01-01 06:57:00.000,6,32.268314,5.853651,2.861091,11.205609
2025-01-01 06:58:00.000,6,32.204291,5.859088,2.876857,11.431563
2025-01-01 06:59:00.000,5,36.205712,4.708466,2.892968,8.463496
2025-01-01 07:00:00.000,6,32.076406,5.880921,2.909429,11.911836
2025-01-01 07:01:00.000,7,28.873154,7.012675,2.926247,13.704945
2025-01-01 07:02:00.000,7,28.869776,6.962976,2.943426,13.236863
2025-01-01 07:03:00.000,7,28.866744,6.920630,2.960973,12.798076
2025-01-01 07:04:00.000,7,28.864068,6.885308,2.978893,13.004122
2025-01-01 07:05:00.000,7,28.861758,6.856744,2.997191,13.309164
2025-01-01 07:06:00.000,7,28.859823,6.834729,3.015876,13.628847
2025-01-01 07:07:00.000,6,32.026584,5.628243,3.034952,11.287708
2025-01-01 07:08:00.000,6,32.066010,5.558611,3.054426,10.961515
2025-01-01 07:09:00.000,6,32.105872,5.493186,3.074306,10.652676
2025-01-01 07:10:00.000,6,32.146180,5.431698,3.094599,10.359873
2025-01-01 07:11:00.000,6,32.186942,5.373906,3.115311,10.081916
2025-01-01 07:12:00.000,6,32.228169,5.319591,3.136451,9.817731
2025-01-01 07:13:00.000,6,32.269867,5.268554,3.158025,9.566345
2025-01-01 07:14:00.000,6,32.312045,5.220614,3.180043,9.326876
2025-01-01 07:15:00.000,6,32.354709,5.175607,3.202512,9.098518
2025-01-01 07:16:00.000,6,32.397868,5.133382,3.225442,8.880539
2025-01-01 07:17:00.000,6,32.441526,5.093803,3.248840,8.672268
2025-01-01 07:18:00.000,6,32.485689,5.056743,3.272716,8.473092
2025-01-01 07:19:00.000,6,32.530362,5.022088,3.286877,8.282448
2025-01-01 07:20:00.000,6,32.575550,4.989733,3.264592,8.099817
2025-01-01 07:21:00.000,6,32.621255,4.959580,3.242755,7.924724
2025-01-01 07:22:00.000,6,32.667483,4.931543,3.221355,7.756729
2025-01-01 07:23:00.000,6,32.714233,4.905539,3.200387,7.595425
2025-01-01 07:24:00.000,6,32.761510,4.881494,3.179840,7.440439
2025-01-01 07:25:00.000,6,32.809313,4.859339,3.159709,7.291420
2025-01-01 07:26:00.000,6,32.857644,4.839014,3.139986,7.148048
2025-01-01 07:27:00.000,6,32.906502,4.820459,3.120664,7.010021
2025-01-01 07:28:00.000,6,32.955886,4.803623,3.101735,6.877061
2025-01-01 07:29:00.000,6,33.005795,4.788457,3.083194,6.748907
2025-01-01 07:30:00.000,6,33.056227,4.774919,3.065035,6.625318
2025-01-01 07:31:00.000,6,33.107178,4.762968,3.047250,6.506067
2025-01-01 07:32:00.000,6,33.158644,4.752568,3.029834,6.390942
2025-01-01 07:33:00.000,6,33.210621,4.743688,3.012781,6.279745
2025-01-01 07:34:00.000,6,33.263104,4.736297,2.996085,6.172291
2025-01-01 07:35:00.000,6,33.316086,4.730369,2.979741,6.163034
2025-01-01 07:36:00.000,6,33.369560,4.725882,2.963744,6.226457
2025-01-01 07:37:00.000,6,33.423519,4.722815,2.948089,6.291235
2025-01-01 07:38:00.000,6,33.477952,4.721151,2.932771,6.357411
2025-01-01 07:39:00.000,7,31.574085,5.052713,2.917784,7.043744
2025-01-01 07:40:00.000,7,31.675612,5.035562,2.903124,6.917097
2025-01-01 07:41:00.000,7,31.777588,5.020241,2.888788,6.795062
2025-01-01 07:42:00.000,7,31.879998,5.006709,2.874769,6.677406
2025-01-01 07:43:00.000,7,31.982827,4.994929,2.861065,6.710993
2025-01-01 07:44:00.000,7,32.086060,4.984871,2.847671,6.786626
2025-01-01 07:45:00.000,7,32.189679,4.976507,2.834584,6.864036
2025-01-01 07:46:00.000,7,32.293667,4.969811,2.821798,6.943286
2025-01-01 07:47:00.000,7,32.398004,4.964763,2.809312,7.024446
2025-01-01 07:48:00.000,7,32.502669,4.961346,2.797120,7.107585
2025-01-01 07:49:00.000,7,32.607642,4.959545,2.785220,7.192780
2025-01-01 07:50:00.000,6,38.072236,4.351891,2.773609,5.870192
2025-01-01 07:51:00.000,7,32.818415,4.960750,2.762283,7.369653
2025-01-01 07:52:00.000,7,32.924165,4.963745,2.751239,7.461502
2025-01-01 07:53:00.000,7,33.030122,4.968329,2.740474,7.555746
2025-01-01 07:54:00.000,7,33.136256,4.974506,2.729986,7.652483
2025-01-01 07:55:00.000,7,33.242538,4.982279,2.719771,7.751813
2025-01-01 07:56:00.000,7,33.348935,4.991654,2.709827,7.853845
2025-01-01 07:57:00.000,7,33.455414,5.002643,2.700151,7.958693
2025-01-01 07:58:00.000,7,33.561938,5.015259,2.690741,8.066477
2025-01-01 07:59:00.000,7,33.668471,5.029516,2.681594,8.177322
2025-01-01 08:00:00.000,6,41.064691,4.169579,2.672709,6.646782
2025-01-01 08:01:00.000,7,33.881404,5.063040,2.664082,8.408749
2025-01-01 08:02:00.000,7,33.987719,5.082355,2.655713,8.529622
2025-01-01 08:03:00.000,7,34.093873,5.103410,2.647598,8.654147
2025-01-01 08:04:00.000,7,34.199819,5.126237,2.639736,8.782492
2025-01-01 08:05:00.000,7,34.305507,5.150875,2.632125,8.914839
2025-01-01 08:06:00.000,7,34.410885,5.177362,2.624764,9.051381
2025-01-01 08:07:00.000,7,34.515897,5.205744,2.617650,9.192323
2025-01-01 08:08:00.000,7,34.620488,5.236071,2.610782,9.337883
2025-01-01 08:09:00.000,7,34.724598,5.268395,2.604159,9.488295
2025-01-01 08:10:00.000,6,43.949899,4.112980,2.597780,7.762969
2025-01-01 08:11:00.000,7,34.931123,5.339275,2.591641,9.804688
2025-01-01 08:12:00.000,7,35.033407,5.377964,2.585744,9.971222
2025-01-01 08:13:00.000,7,39.841177,5.458215,2.580086,13.482269
2025-01-01 08:14:00.000,7,40.113009,5.413829,2.574666,13.139547
2025-01-01 08:15:00.000,7,40.382791,5.372963,2.569483,12.813064
2025-01-01 08:16:00.000,7,40.650408,5.335483,2.564537,12.501695
2025-01-01 08:17:00.000,7,40.915744,5.301272,2.559826,12.204415
2025-01-01 08:18:00.000,7,41.178679,5.270232,2.555349,11.920292
2025-01-01 08:19:00.000,7,41.439091,5.242279,2.551106,11.648472
2025-01-01 08:20:00.000,7,39.441308,5.275853,2.686888,11.388175
2025-01-01 08:21:00.000,7,39.606275,5.256582,2.680597,11.138686
2025-01-01 08:22:00.000,7,39.770142,5.240229,2.674616,10.899347
2025-01-01 08:23:00.000,7,39.932844,5.226760,2.668942,10.669554
2025-01-01 08:24:00.000,7,40.094319,5.216158,2.663573,10.448750
2025-01-01 08:25:00.000,7,40.254502,5.208413,2.658505,10.362473
2025-01-01 08:26:00.000,7,40.413329,5.203530,2.653737,10.596027
2025-01-01 08:27:00.000,7,40.570736,5.201524,2.649267,10.839757
2025-01-01 08:28:00.000,7,40.726657,5.202423,2.645090,11.094309
2025-01-01 08:29:00.000,7,40.881026,5.206266,2.641207,11.360380
2025-01-01 08:30:00.000,7,41.033780,5.213106,2.637614,11.638732
2025-01-01 08:31:00.000,6,45.517448,4.574178,2.634310,11.930192
2025-01-01 08:32:00.000,6,45.643962,4.616830,2.631293,12.235667
2025-01-01 08:33:00.000,6,45.768194,4.662345,2.628561,12.556146
2025-01-01 08:34:00.000,7,44.957521,5.175160,2.515226,12.892713
2025-01-01 08:35:00.000,7,41.771059,5.295095,2.623947,13.246562
2025-01-01 08:36:00.000,7,41.912777,5.321844,2.622061,13.619003
2025-01-01 08:37:00.000,6,47.425370,3.909215,2.620455,8.205748
2025-01-01 08:38:00.000,6,47.633248,3.880502,2.619128,8.070422
2025-01-01 08:39:00.000,7,35.835087,5.598376,2.675400,9.599735
2025-01-01 08:40:00.000,7,36.000078,5.575495,2.664740,9.402927
2025-01-01 08:41:00.000,7,36.164588,5.555778,2.654405,9.490398
2025-01-01 08:42:00.000,7,36.328556,5.539192,2.644388,9.703148
2025-01-01 08:43:00.000,7,36.491923,5.525720,2.634687,9.925013
2025-01-01 08:44:00.000,7,40.468612,5.390220,2.520276,10.156580
2025-01-01 08:45:00.000,7,40.665428,5.380074,2.522081,10.398491
2025-01-01 08:46:00.000,7,40.859091,5.373053,2.524126,10.651441
2025-01-01 08:47:00.000,7,37.138072,5.503073,2.598942,10.916193
2025-01-01 08:48:00.000,7,37.297426,5.505376,2.590751,11.193582
2025-01-01 08:49:00.000,7,41.420875,5.371196,2.531718,11.484522
2025-01-01 08:50:00.000,7,41.601640,5.377207,2.534739,11.790018
2025-01-01 08:51:00.000,7,41.779108,5.386690,2.538008,12.111178
2025-01-01 08:52:00.000,7,37.923722,5.548537,2.560857,12.449225
2025-01-01 08:53:00.000,7,38.077073,5.568390,2.554084,12.805512
2025-01-01 08:54:00.000,7,38.228942,5.592174,2.547586,13.181544
2025-01-01 08:55:00.000,6,41.568519,5.348945,2.541358,13.578993
2025-01-01 08:56:00.000,5,48.066570,3.685027,2.535399,6.196163
2025-01-01 08:57:00.000,6,43.534204,4.229812,2.529705,7.039822
2025-01-01 08:58:00.000,6,43.754027,4.199614,2.524274,6.941342
2025-01-01 08:59:00.000,6,43.971247,4.170497,2.519104,6.846040
2025-01-01 09:00:00.000,6,44.185717,4.142425,2.514191,6.753770
2025-01-01 09:01:00.000,6,44.397284,4.115364,2.509534,6.664395
2025-01-01 09:02:00.000,6,44.605791,4.089282,2.505130,6.577787
2025-01-01 09:03:00.000,6,44.811073,4.064150,2.500977,6.493824
2025-01-01 09:04:00.000,6,45.012963,4.039940,2.497074,6.412391
2025-01-01 09:05:00.000,6,45.211290,4.016624,2.493418,6.333382
2025-01-01 09:06:00.000,5,49.998678,3.541674,2.490007,5.473172
2025-01-01 09:07:00.000,6,45.596551,3.972577,2.486840,6.182232
2025-01-01 09:08:00.000,6,45.783126,3.951799,2.483914,6.109903
2025-01-01 09:09:00.000,5,50.499493,3.510264,2.481229,5.286551
2025-01-01 09:10:00.000,6,46.143264,3.912630,2.478782,5.971309
2025-01-01 09:11:00.000,6,46.316467,3.894198,2.476573,5.904885
2025-01-01 09:12:00.000,6,46.484858,3.876512,2.474600,5.840276
2025-01-01 09:13:00.000,5,51.094012,3.475981,2.472861,5.055863
2025-01-01 09:14:00.000,6,46.806525,3.843306,2.471356,5.716232
2025-01-01 09:15:00.000,6,51.680557,3.565595,2.470083,5.656667
2025-01-01 09:16:00.000,6,51.813185,3.546438,2.469041,5.598660
2025-01-01 09:17:00.000,6,51.939318,3.527904,2.468229,5.542154
2025-01-01 09:18:00.000,5,57.309910,3.114556,2.467647,4.793433
2025-01-01 09:19:00.000,5,51.803013,3.440011,2.467293,4.744090
2025-01-01 09:20:00.000,5,57.463396,3.094860,2.467167,4.695729
2025-01-01 09:21:00.000,6,52.377307,3.459724,2.467268,5.330090
2025-01-01 09:22:00.000,6,52.469879,3.444105,2.467595,5.280323
2025-01-01 09:23:00.000,6,52.555612,3.429033,2.468148,5.231768
2025-01-01 09:24:00.000,6,52.634495,3.414499,2.468926,5.184383
2025-01-01 09:25:00.000,6,52.706528,3.400493,2.469929,5.138130
2025-01-01 09:26:00.000,6,52.771725,3.387004,2.471156,5.092970
2025-01-01 09:27:00.000,6,52.830113,3.374024,2.472608,5.048868
2025-01-01 09:28:00.000,6,52.881728,3.361544,2.474283,5.005790
2025-01-01 09:29:00.000,6,52.926616,3.349557,2.476183,4.963704
2025-01-01 09:30:00.000,6,52.964833,3.338055,2.478306,4.922576
2025-01-01 09:31:00.000,6,52.996441,3.327031,2.480653,4.882378
2025-01-01 09:32:00.000,6,53.021512,3.316477,2.483223,4.843080
2025-01-01 09:33:00.000,6,53.040122,3.306388,2.486018,4.804656
2025-01-01 09:34:00.000,6,53.052356,3.296757,2.489036,4.767077
2025-01-01 09:35:00.000,6,53.058301,3.287579,2.492279,4.730318
2025-01-01 09:36:00.000,6,53.058050,3.278848,2.495746,4.694356
2025-01-01 09:37:00.000,6,53.051703,3.270560,2.499438,4.659165
2025-01-01 09:38:00.000,6,53.039360,3.262709,2.503356,4.624724
2025-01-01 09:39:00.000,6,53.021128,3.255292,2.507500,4.591011
2025-01-01 09:40:00.000,6,52.997118,3.248303,2.511870,4.558004
2025-01-01 09:41:00.000,6,52.967442,3.241741,2.516467,4.525683
2025-01-01 09:42:00.000,6,52.932217,3.235601,2.521292,4.494030
2025-01-01 09:43:00.000,6,52.891564,3.229880,2.526345,4.463024
2025-01-01 09:44:00.000,6,52.845606,3.224574,2.531628,4.432648
2025-01-01 09:45:00.000,6,52.794470,3.219683,2.533899,4.402885
2025-01-01 09:46:00.000,6,52.738284,3.215203,2.535178,4.373717
2025-01-01 09:47:00.000,6,52.677179,3.211132,2.536698,4.345128
2025-01-01 09:48:00.000,6,47.181558,3.787629,2.538460,6.417377
2025-01-01 09:49:00.000,6,47.180408,3.768521,2.540465,6.325262
2025-01-01 09:50:00.000,6,47.176305,3.750183,2.542712,6.235649
2025-01-01 09:51:00.000,6,47.169374,3.732598,2.545201,6.148440
2025-01-01 09:52:00.000,6,47.159740,3.715749,2.547935,6.063546
2025-01-01 09:53:00.000,6,47.147529,3.699621,2.550912,5.980878
2025-01-01 09:54:00.000,6,47.132863,3.684200,2.554134,5.900356
2025-01-01 09:55:00.000,6,47.115865,3.669474,2.557601,5.821900
2025-01-01 09:56:00.000,6,47.096655,3.655429,2.561315,5.745437
2025-01-01 09:57:00.000,6,47.075353,3.642054,2.565275,5.670895
2025-01-01 09:58:00.000,6,47.052075,3.629339,2.569484,5.598207
2025-01-01 09:59:00.000,6,47.026935,3.617274,2.573942,5.527309
2025-01-01 10:00:00.000,6,47.000045,3.605850,2.578650,5.458139
2025-01-01 10:01:00.000,6,46.971514,3.595058,2.583610,5.390640
2025-01-01 10:02:00.000,6,46.941447,3.584891,2.588823,5.324754
2025-01-01 10:03:00.000,6,46.909948,3.575342,2.594290,5.260430
2025-01-01 10:04:00.000,6,46.877117,3.566404,2.600013,5.197616
2025-01-01 10:05:00.000,6,46.843049,3.558073,2.605993,5.136264
2025-01-01 10:06:00.000,6,46.807840,3.550342,2.612232,5.076327
2025-01-01 10:07:00.000,6,46.771578,3.543208,2.618732,5.017760
2025-01-01 10:08:00.000,6,46.734352,3.536667,2.625495,4.960521
2025-01-01 10:09:00.000,6,46.696245,3.530716,2.632522,4.904568
2025-01-01 10:10:00.000,6,46.657337,3.525352,2.639816,4.849864
2025-01-01 10:11:00.000,6,46.617707,3.520573,2.647378,4.796370
2025-01-01 10:12:00.000,7,48.142112,3.341645,2.655212,4.043232
2025-01-01 10:13:00.000,7,47.961511,3.352756,2.663318,4.088388
2025-01-01 10:14:00.000,7,47.779632,3.364385,2.671701,4.134750
2025-01-01 10:15:00.000,7,47.596554,3.376541,2.680362,4.182361
2025-01-01 10:16:00.000,7,47.412355,3.389234,2.689304,4.231261
2025-01-01 10:17:00.000,8,44.538287,3.665215,2.698529,5.504412
2025-01-01 10:18:00.000,7,47.040891,3.416268,2.708041,4.333110
2025-01-01 10:19:00.000,7,46.853769,3.430631,2.717843,4.386153
2025-01-01 10:20:00.000,8,44.170803,3.679214,2.727938,5.314692
2025-01-01 10:21:00.000,8,44.046757,3.685327,2.738328,5.254849
2025-01-01 10:22:00.000,8,43.922016,3.692171,2.749017,5.196615
2025-01-01 10:23:00.000,8,43.796627,3.699752,2.760010,5.139936
2025-01-01 10:24:00.000,7,45.906898,3.511404,2.771308,4.674680
2025-01-01 10:25:00.000,7,45.715701,3.529447,2.782917,4.737461
2025-01-01 10:26:00.000,7,45.524029,3.548154,2.794840,4.802086
2025-01-01 10:27:00.000,7,45.331937,3.567543,2.807080,4.868629
2025-01-01 10:28:00.000,7,45.139475,3.587632,2.819643,4.937164
2025-01-01 10:29:00.000,7,44.946693,3.608440,2.821076,5.007773
2025-01-01 10:30:00.000,7,44.753640,3.629986,2.807400,5.080541
2025-01-01 10:31:00.000,7,44.560361,3.652292,2.793982,5.155556
2025-01-01 10:32:00.000,7,44.366901,3.675379,2.780821,5.232915
2025-01-01 10:33:00.000,7,44.173304,3.699271,2.767914,5.312716
2025-01-01 10:34:00.000,7,43.979611,3.723993,2.755257,5.395067
2025-01-01 10:35:00.000,7,43.785863,3.749571,2.742849,5.480079
2025-01-01 10:36:00.000,7,43.592098,3.776032,2.730685,5.567871
2025-01-01 10:37:00.000,7,43.398354,3.803405,2.718765,5.658572
2025-01-01 10:38:00.000,8,39.286502,4.805527,2.707085,11.622166
2025-01-01 10:39:00.000,8,39.165443,4.785953,2.695644,11.260525
2025-01-01 10:40:00.000,8,39.044495,4.770050,2.684438,10.921187
2025-01-01 10:41:00.000,8,38.923685,4.757605,2.673466,10.602176
2025-01-01 10:42:00.000,8,38.803039,4.748432,2.662725,10.301744
2025-01-01 10:43:00.000,7,40.797945,4.603129,2.652214,10.018338
2025-01-01 10:44:00.000,7,40.822572,4.580446,2.641930,9.750573
2025-01-01 10:45:00.000,7,40.847719,4.560686,2.631872,9.497211
2025-01-01 10:46:00.000,7,40.873398,4.543721,2.622037,9.257140
2025-01-01 10:47:00.000,7,40.899618,4.529444,2.612424,9.029361
2025-01-01 10:48:00.000,8,38.083919,4.754765,2.603031,8.812972
2025-01-01 10:49:00.000,8,37.965060,4.765222,2.593856,8.607159
2025-01-01 10:50:00.000,8,37.846536,4.778221,2.584898,8.411182
2025-01-01 10:51:00.000,8,37.728365,4.793741,2.576155,8.224368
2025-01-01 10:52:00.000,8,37.610565,4.811768,2.567625,8.046107
2025-01-01 10:53:00.000,8,37.493152,4.832303,2.559308,7.875840
2025-01-01 10:54:00.000,8,37.376140,4.855356,2.551201,7.818352
2025-01-01 10:55:00.000,8,37.259544,4.880949,2.543303,7.996204
2025-01-01 10:56:00.000,8,37.143379,4.909115,2.535614,8.181998
2025-01-01 10:57:00.000,8,37.027656,4.939898,2.528131,8.376254
2025-01-01 10:58:00.000,8,40.846724,4.449627,2.520855,8.579541
2025-01-01 10:59:00.000,8,40.907657,4.459723,2.513782,8.792477
2025-01-01 11:00:00.000,8,39.165958,4.601353,2.506913,9.015742
2025-01-01 11:01:00.000,8,39.127760,4.623457,2.500247,9.250079
2025-01-01 11:02:00.000,7,39.075377,4.772019,2.493782,9.496303
2025-01-01 11:03:00.000,6,33.200563,5.192127,3.148437,9.755312
2025-01-01 11:04:00.000,6,33.028434,5.235932,3.140056,10.028098
2025-01-01 11:05:00.000,6,32.856650,5.283296,3.131786,10.315757
2025-01-01 11:06:00.000,6,32.685224,5.334400,3.123624,10.619504
2025-01-01 11:07:00.000,6,35.849330,5.145362,3.024614,10.940692
2025-01-01 11:08:00.000,6,35.812578,5.193844,3.007106,11.280826
2025-01-01 11:09:00.000,7,36.490379,5.019570,2.989930,11.641594
2025-01-01 11:10:00.000,7,36.489680,5.066556,2.973080,12.024887
2025-01-01 11:11:00.000,6,35.705766,5.366312,2.956551,12.432837
2025-01-01 11:12:00.000,6,35.671310,5.433940,2.940338,12.867850
2025-01-01 11:13:00.000,7,36.486376,5.234694,2.924438,13.332659
2025-01-01 11:14:00.000,5,40.736005,3.938296,2.908845,5.512763
2025-01-01 11:15:00.000,6,40.968299,3.874841,2.893555,5.438468
2025-01-01 11:16:00.000,6,41.027794,3.871009,2.878564,5.366494
2025-01-01 11:17:00.000,6,41.086642,3.868008,2.863867,5.296743
2025-01-01 11:18:00.000,5,40.879368,3.931541,2.849461,5.229120
2025-01-01 11:19:00.000,6,41.202314,3.864463,2.835342,5.163537
2025-01-01 11:20:00.000,6,41.259094,3.863906,2.821506,5.099912
2025-01-01 11:21:00.000,5,40.989934,3.935779,2.807950,5.038166
2025-01-01 11:22:00.000,5,41.027329,3.938934,2.794669,4.978224
2025-01-01 11:23:00.000,5,41.064977,3.942955,2.781660,4.920016
2025-01-01 11:24:00.000,5,41.102870,3.947843,2.768921,4.863475
2025-01-01 11:25:00.000,5,41.140996,3.953598,2.756448,4.902877
2025-01-01 11:26:00.000,6,48.492186,3.699749,2.397387,4.960659
2025-01-01 11:27:00.000,6,48.601760,3.705730,2.395785,5.019821
2025-01-01 11:28:00.000,6,48.709583,3.712473,2.394377,5.080409
2025-01-01 11:29:00.000,7,48.116806,3.680386,2.393162,5.142469
2025-01-01 11:30:00.000,6,48.916402,3.728272,2.392141,5.206051
2025-01-01 11:31:00.000,6,49.012400,3.737341,2.391314,5.271207
2025-01-01 11:32:00.000,6,49.100139,3.747199,2.390682,5.337990
2025-01-01 11:33:00.000,6,49.175756,3.757857,2.390246,5.406457
2025-01-01 11:34:00.000,6,49.234547,3.769326,2.390006,5.476667
2025-01-01 11:35:00.000,6,49.272514,3.781617,2.389962,5.548683
2025-01-01 11:36:00.000,6,49.288694,3.794743,2.390115,5.622570
2025-01-01 11:37:00.000,6,49.285831,3.808719,2.390467,5.698396
2025-01-01 11:38:00.000,6,49.268494,3.823561,2.391018,5.776233
2025-01-01 11:39:00.000,6,49.240968,3.839284,2.391768,5.856157
2025-01-01 11:40:00.000,6,49.206433,3.855909,2.392718,5.938247
2025-01-01 11:41:00.000,6,49.167032,3.873455,2.393871,6.022588
2025-01-01 11:42:00.000,6,49.124164,3.891943,2.395226,6.109266
2025-01-01 11:43:00.000,6,49.078744,3.911397,2.396784,6.198376
2025-01-01 11:44:00.000,6,49.031373,3.931841,2.398548,6.290015
2025-01-01 11:45:00.000,6,48.982457,3.953303,2.400517,6.384287
2025-01-01 11:46:00.000,6,48.932269,3.975810,2.402693,6.481300
2025-01-01 11:47:00.000,6,48.880994,3.999394,2.405078,6.581170
2025-01-01 11:48:00.000,6,48.828758,4.024087,2.407673,6.684019
2025-01-01 11:49:00.000,6,48.775643,4.049923,2.410480,6.789976
2025-01-01 11:50:00.000,6,48.721700,4.076942,2.413499,6.899178
2025-01-01 11:51:00.000,6,48.666955,4.105182,2.416733,7.011769
2025-01-01 11:52:00.000,6,48.611417,4.134687,2.420182,7.127905
2025-01-01 11:53:00.000,6,48.555077,4.165502,2.423850,7.247747
2025-01-01 11:54:00.000,6,48.497915,4.197676,2.427737,7.371470
2025-01-01 11:55:00.000,6,48.439900,4.231262,2.431845,7.499259
2025-01-01 11:56:00.000,6,48.380989,4.266315,2.436177,7.631310
2025-01-01 11:57:00.000,7,47.702136,4.179492,2.440734,7.767834
2025-01-01 11:58:00.000,6,48.260263,4.341068,2.445519,7.909053
2025-01-01 11:59:00.000,6,48.198315,4.380901,2.450533,8.055209
2025-01-01 12:00:00.000,6,48.135204,4.422468,2.455779,8.206555
2025-01-01 12:01:00.000,6,48.070840,4.465849,2.461259,8.363367
2025-01-01 12:02:00.000,6,48.005120,4.511128,2.460004,8.525937
2025-01-01 12:03:00.000,6,47.937931,4.558397,2.456044,8.694583
2025-01-01 12:04:00.000,6,47.869148,4.607755,2.452283,8.869641
2025-01-01 12:05:00.000,6,47.798632,4.659307,2.448722,9.051477
2025-01-01 12:06:00.000,6,47.726233,4.713168,2.445360,9.240484
2025-01-01 12:07:00.000,6,47.651783,4.769461,2.442196,9.437085
2025-01-01 12:08:00.000,6,47.575105,4.828321,2.439231,9.641740
2025-01-01 12:09:00.000,6,47.496001,4.889890,2.436465,9.854943
2025-01-01 12:10:00.000,6,47.414264,4.954326,2.433896,10.077233
2025-01-01 12:11:00.000,6,47.329669,5.021799,2.431525,10.309195
2025-01-01 12:12:00.000,6,47.241979,5.092494,2.429352,10.551462
2025-01-01 12:13:00.000,6,47.150946,5.166612,2.427376,10.804728
2025-01-01 12:14:00.000,7,42.111007,6.079231,2.425599,11.088376
2025-01-01 12:15:00.000,7,42.071696,6.110620,2.424019,11.347349
2025-01-01 12:16:00.000,8,41.902437,5.833986,2.422637,11.638439
2025-01-01 12:17:00.000,7,41.981992,6.190012,2.421454,11.944012
2025-01-01 12:18:00.000,7,41.931168,6.238264,2.420469,12.265167
2025-01-01 12:19:00.000,8,41.686178,5.966958,2.419683,12.603113
2025-01-01 12:20:00.000,7,41.816627,6.352800,2.419096,12.959190
2025-01-01 12:21:00.000,7,41.752602,6.419580,2.418708,13.334884
2025-01-01 12:22:00.000,7,41.683927,6.493109,2.418521,13.731849
2025-01-01 12:23:00.000,6,46.926212,5.310733,2.418534,11.803551
2025-01-01 12:24:00.000,6,46.884925,5.339431,2.418748,12.155063
2025-01-01 12:25:00.000,6,46.837954,5.372943,2.419164,12.527213
2025-01-01 12:26:00.000,6,46.785372,5.411505,2.419782,12.921854
2025-01-01 12:27:00.000,6,46.727296,5.455396,2.420604,13.341064
2025-01-01 12:28:00.000,5,54.001427,3.848495,2.421629,8.262628
2025-01-01 12:29:00.000,5,53.986335,3.820065,2.422860,8.118871
2025-01-01 12:30:00.000,5,53.965059,3.792910,2.424296,7.980574
2025-01-01 12:31:00.000,5,53.937867,3.766970,2.425939,7.847439
2025-01-01 12:32:00.000,5,53.905035,3.742191,2.427790,7.719191
2025-01-01 12:33:00.000,5,53.866844,3.718523,2.429849,7.595574
2025-01-01 12:34:00.000,5,53.823569,3.695918,2.432119,7.476350
2025-01-01 12:35:00.000,5,53.775480,3.674332,2.434600,7.361295
2025-01-01 12:36:00.000,5,53.722832,3.653726,2.437294,7.250202
2025-01-01 12:37:00.000,6,50.641069,3.713609,2.440202,7.142877
2025-01-01 12:38:00.000,5,56.680037,3.035956,2.443326,4.142400
2025-01-01 12:39:00.000,5,56.493439,3.044533,2.446666,4.174388
2025-01-01 12:40:00.000,6,50.324299,3.684871,2.450225,6.841750
2025-01-01 12:41:00.000,6,50.211612,3.677004,2.454004,6.747790
2025-01-01 12:42:00.000,6,50.095639,3.669964,2.458006,6.656796
2025-01-01 12:43:00.000,6,49.976518,3.663735,2.462231,6.568636
2025-01-01 12:44:00.000,6,49.854377,3.658301,2.466682,6.483184
2025-01-01 12:45:00.000,6,49.729332,3.653652,2.471360,6.400323
2025-01-01 12:46:00.000,6,49.601489,3.649775,2.476268,6.319943
2025-01-01 12:47:00.000,6,49.470947,3.646662,2.481408,6.241939
2025-01-01 12:48:00.000,6,49.337794,3.644303,2.486782,6.166213
2025-01-01 12:49:00.000,6,49.202114,3.642692,2.492392,6.092670
2025-01-01 12:50:00.000,6,49.063982,3.641823,2.498241,6.021222
2025-01-01 12:51:00.000,6,48.923466,3.641691,2.504331,5.951787
2025-01-01 12:52:00.000,6,48.780631,3.642294,2.510664,5.884284
2025-01-01 12:53:00.000,6,48.635537,3.643629,2.517244,5.818638
2025-01-01 12:54:00.000,6,48.488237,3.645695,2.524073,5.754779
2025-01-01 12:55:00.000,7,34.359990,6.484893,2.728305,13.318797
2025-01-01 12:56:00.000,7,34.389834,6.375946,2.729190,12.825976
2025-01-01 12:57:00.000,7,34.418431,6.274370,2.730178,12.368222
2025-01-01 12:58:00.000,7,34.445778,6.179548,2.731272,11.941955
2025-01-01 12:59:00.000,7,34.471873,6.090942,2.732471,11.652335
2025-01-01 13:00:00.000,7,34.496714,6.008078,2.733778,11.413909
2025-01-01 13:01:00.000,7,34.520299,5.930539,2.735194,11.185193
2025-01-01 13:02:00.000,7,34.542625,5.857953,2.736719,10.965643
2025-01-01 13:03:00.000,7,34.563692,5.789994,2.738356,10.754756
2025-01-01 13:04:00.000,7,34.583498,5.726369,2.740106,10.552066
2025-01-01 13:05:00.000,7,34.602041,5.666818,2.741969,10.357138
2025-01-01 13:06:00.000,7,34.619321,5.611108,2.743948,10.169569
2025-01-01 13:07:00.000,7,34.635336,5.559031,2.746044,9.988982
2025-01-01 13:08:00.000,7,34.650085,5.510402,2.748259,9.815027
2025-01-01 13:09:00.000,7,34.663568,5.465053,2.750593,9.647377
2025-01-01 13:10:00.000,8,31.729048,6.295498,2.753048,12.404129
2025-01-01 13:11:00.000,8,31.759081,6.238948,2.755627,12.226255
2025-01-01 13:12:00.000,8,31.787767,6.185807,2.758331,12.055497
2025-01-01 13:13:00.000,8,31.815101,6.135942,2.761160,11.891518
2025-01-01 13:14:00.000,8,31.841076,6.089230,2.764118,11.734001
2025-01-01 13:15:00.000,8,31.865689,6.045563,2.767206,11.582652
2025-01-01 13:16:00.000,8,31.888934,6.004843,2.770424,11.437194
2025-01-01 13:17:00.000,7,34.725856,5.205500,2.773777,8.500218
2025-01-01 13:18:00.000,7,34.727953,5.184619,2.777264,8.377618
2025-01-01 13:19:00.000,8,31.950421,5.899551,2.780888,11.033672
2025-01-01 13:20:00.000,8,31.968152,5.869853,2.784652,10.909359
2025-01-01 13:21:00.000,8,31.984496,5.842766,2.788556,10.789800
2025-01-01 13:22:00.000,8,31.999448,5.818249,2.788620,10.674809
2025-01-01 13:23:00.000,8,32.013004,5.796269,2.787014,10.564209
2025-01-01 13:24:00.000,7,31.779275,5.987843,2.785528,10.457835
2025-01-01 13:25:00.000,7,31.859118,5.960750,2.784160,10.355532
2025-01-01 13:26:00.000,7,31.937178,5.936285,2.782909,10.257154
2025-01-01 13:27:00.000,7,32.013452,5.914444,2.781773,10.162563
2025-01-01 13:28:00.000,7,32.087935,5.895226,2.780752,10.071628
2025-01-01 13:29:00.000,8,32.064877,5.716941,2.779843,9.984229
2025-01-01 13:30:00.000,8,30.090645,6.277372,2.779045,9.900250
2025-01-01 13:31:00.000,8,30.195373,6.241911,2.778358,9.819582
2025-01-01 13:32:00.000,7,32.367885,5.844994,2.777780,9.742124
2025-01-01 13:33:00.000,8,32.071218,5.715005,2.777309,9.667778
2025-01-01 13:34:00.000,8,32.069255,5.721266,2.776945,9.596455
2025-01-01 13:35:00.000,7,34.562028,5.194707,2.776686,9.528068
2025-01-01 13:36:00.000,7,34.611573,5.172543,2.776532,9.462537
2025-01-01 13:37:00.000,7,34.659492,5.151849,2.776481,9.399786
2025-01-01 13:38:00.000,7,34.705779,5.132604,2.776532,9.339743
2025-01-01 13:39:00.000,7,34.750429,5.114792,2.776684,9.282342
2025-01-01 13:40:00.000,7,34.793438,5.098398,2.776936,9.227518
2025-01-01 13:41:00.000,6,36.326798,5.018734,2.777286,9.175213
2025-01-01 13:42:00.000,6,36.448224,4.987824,2.777735,9.125371
2025-01-01 13:43:00.000,7,34.145394,5.266258,2.778281,9.077938
2025-01-01 13:44:00.000,7,34.293867,5.225159,2.778923,9.032867
2025-01-01 13:45:00.000,7,34.440237,5.185596,2.779661,8.990112
2025-01-01 13:46:00.000,7,34.584493,5.147513,2.780492,8.949629
2025-01-01 13:47:00.000,7,34.726621,5.110859,2.781417,8.911379
2025-01-01 13:48:00.000,7,34.866611,5.075586,2.782435,8.875325
2025-01-01 13:49:00.000,7,35.004450,5.041647,2.783544,8.841432
2025-01-01 13:50:00.000,7,35.140126,5.009001,2.784744,8.809670
2025-01-01 13:51:00.000,7,35.273626,4.977605,2.786035,8.780009
2025-01-01 13:52:00.000,7,35.404940,4.947424,2.787415,8.752423
2025-01-01 13:53:00.000,7,35.534056,4.918421,2.788883,8.726888
2025-01-01 13:54:00.000,7,35.660960,4.890564,2.790440,8.703381
2025-01-01 13:55:00.000,7,35.785643,4.863821,2.792083,8.681885
2025-01-01 13:56:00.000,7,35.908090,4.838162,2.793814,8.662381
2025-01-01 13:57:00.000,7,36.028292,4.813560,2.795630,8.644854
2025-01-01 13:58:00.000,7,36.146235,4.789989,2.797531,8.629293
2025-01-01 13:59:00.000,7,36.261908,4.767426,2.799517,8.615687
2025-01-01 14:00:00.000,7,36.375299,4.745846,2.801587,8.604028
2025-01-01 14:01:00.000,7,36.486396,4.725230,2.803741,8.594309
2025-01-01 14:02:00.000,7,36.595187,4.705556,2.805977,8.586527
2025-01-01 14:03:00.000,7,36.701660,4.686808,2.808296,8.580679
2025-01-01 14:04:00.000,7,36.805804,4.668966,2.810697,8.576767
2025-01-01 14:05:00.000,7,36.907605,4.652015,2.813179,8.574792
2025-01-01 14:06:00.000,7,37.007053,4.635941,2.815742,8.574760
2025-01-01 14:07:00.000,7,37.104134,4.620729,2.818385,8.576677
2025-01-01 14:08:00.000,7,37.198838,4.606367,2.821109,8.580552
2025-01-01 14:09:00.000,7,37.291152,4.592844,2.823912,8.586397
2025-01-01 14:10:00.000,7,37.381065,4.580147,2.826794,8.594226
2025-01-01 14:11:00.000,7,37.468563,4.568268,2.829755,8.604054
2025-01-01 14:12:00.000,7,37.553636,4.557199,2.832794,8.615899
2025-01-01 14:13:00.000,7,37.636271,4.546931,2.835911,8.629784
2025-01-01 14:14:00.000,7,37.716456,4.537457,2.839107,8.645730
2025-01-01 14:15:00.000,7,37.794180,4.528773,2.842380,8.663765
2025-01-01 14:16:00.000,7,37.869430,4.520872,2.845730,8.683916
2025-01-01 14:17:00.000,7,37.942195,4.513751,2.849157,8.706216
2025-01-01 14:18:00.000,7,38.012463,4.507407,2.852660,8.730699
2025-01-01 14:19:00.000,7,38.080222,4.501837,2.856241,8.757402
2025-01-01 14:20:00.000,7,38.145461,4.497040,2.859897,8.786366
2025-01-01 14:21:00.000,7,38.208168,4.493016,2.863630,8.817636
2025-01-01 14:22:00.000,7,38.268331,4.489764,2.867439,8.851257
2025-01-01 14:23:00.000,7,38.325939,4.487288,2.871323,8.887282
2025-01-01 14:24:00.000,7,32.181202,5.618361,3.267581,10.804696
2025-01-01 14:25:00.000,7,32.305091,5.572980,3.246738,10.497510
2025-01-01 14:26:00.000,7,32.426617,5.530856,3.226376,10.207704
2025-01-01 14:27:00.000,7,32.545761,5.491792,3.206484,9.933866
2025-01-01 14:28:00.000,7,32.662507,5.455613,3.187052,9.674732
2025-01-01 14:29:00.000,7,32.776838,5.422165,3.168068,9.429168
2025-01-01 14:30:00.000,7,32.888736,5.391311,3.149522,9.211888
2025-01-01 14:31:00.000,7,32.998186,5.362928,3.131405,9.269479
2025-01-01 14:32:00.000,7,33.105171,5.336908,3.113706,9.330132
2025-01-01 14:33:00.000,7,33.209674,5.313157,3.096418,9.393948
2025-01-01 14:34:00.000,7,33.311681,5.291588,3.079530,9.461033
2025-01-01 14:35:00.000,7,33.411175,5.272127,3.063035,9.531503
2025-01-01 14:36:00.000,7,33.508142,5.254709,3.046923,9.605480
2025-01-01 14:37:00.000,7,33.094315,5.549618,2.619648,9.683094
2025-01-01 14:38:00.000,7,33.083179,5.552222,2.625042,9.764487
2025-01-01 14:39:00.000,7,33.069243,5.557257,2.630648,9.849808
2025-01-01 14:40:00.000,7,33.052524,5.564722,2.636469,9.939216
2025-01-01 14:41:00.000,7,33.033038,5.574626,2.642507,10.032884
2025-01-01 14:42:00.000,7,33.010804,5.586985,2.648765,10.130994
2025-01-01 14:43:00.000,7,32.985839,5.601828,2.655247,10.233744
2025-01-01 14:44:00.000,7,32.958163,5.619189,2.661955,10.341345
2025-01-01 14:45:00.000,7,32.927792,5.639114,2.668893,10.454024
2025-01-01 14:46:00.000,7,32.894746,5.661658,2.676063,10.572023
2025-01-01 14:47:00.000,7,32.859043,5.686886,2.683470,10.695605
2025-01-01 14:48:00.000,7,32.820702,5.714875,2.691116,10.825051
2025-01-01 14:49:00.000,7,32.779741,5.745710,2.699006,10.960667
2025-01-01 14:50:00.000,7,32.736180,5.779491,2.707143,11.102778
2025-01-01 14:51:00.000,7,32.690038,5.816331,2.715530,11.251740
2025-01-01 14:52:00.000,7,32.641333,5.856357,2.724173,11.407936
2025-01-01 14:53:00.000,7,32.590086,5.899709,2.733073,11.571780
2025-01-01 14:54:00.000,7,32.536315,5.946548,2.742237,11.743722
2025-01-01 14:55:00.000,7,32.480040,5.997050,2.751667,11.924251
2025-01-01 14:56:00.000,7,32.421281,6.051414,2.761369,12.113899
2025-01-01 14:57:00.000,7,32.360057,6.109861,2.771347,12.313244
2025-01-01 14:58:00.000,7,32.296388,6.172639,2.781606,12.522919
2025-01-01 14:59:00.000,7,32.230294,6.240024,2.792149,12.743616
2025-01-01 15:00:00.000,7,32.161795,6.312324,2.802984,12.976092
2025-01-01 15:01:00.000,7,32.090912,6.389887,2.814113,13.221180
2025-01-01 15:02:00.000,7,32.017664,6.473102,2.825543,13.479794
2025-01-01 15:03:00.000,7,31.942072,6.562405,2.837279,13.752943
2025-01-01 15:04:00.000,6,35.542598,5.427716,2.849327,12.505976
2025-01-01 15:05:00.000,6,35.484119,5.496968,2.861692,12.958736
2025-01-01 15:06:00.000,6,35.423455,5.572248,2.874380,13.444003
2025-01-01 15:07:00.000,5,40.463231,3.991903,2.887398,5.136253
2025-01-01 15:08:00.000,5,40.462109,3.986625,2.900752,5.157776
2025-01-01 15:09:00.000,5,40.458099,3.982054,2.914447,5.180291
2025-01-01 15:10:00.000,5,40.451220,3.978184,2.928492,5.203819
2025-01-01 15:11:00.000,5,40.441494,3.975010,2.942892,5.228382
2025-01-01 15:12:00.000,6,41.879623,3.836836,2.942711,5.254001
2025-01-01 15:13:00.000,5,40.413586,3.970730,2.937597,5.280701
2025-01-01 15:14:00.000,5,40.395447,3.969617,2.932566,5.308507
2025-01-01 15:15:00.000,5,40.374548,3.969186,2.927618,5.337446
2025-01-01 15:16:00.000,5,40.350909,3.969435,2.922753,5.367545
2025-01-01 15:17:00.000,5,40.324553,3.970363,2.917968,5.398834
2025-01-01 15:18:00.000,6,41.598384,3.844697,2.913265,5.431343
2025-01-01 15:19:00.000,6,41.543188,3.848055,2.908641,5.465106
2025-01-01 15:20:00.000,6,41.485665,3.852001,2.904098,5.500155
2025-01-01 15:21:00.000,6,41.425832,3.856537,2.899633,5.536527
2025-01-01 15:22:00.000,7,37.531107,4.669511,2.895248,9.516580
2025-01-01 15:23:00.000,6,41.299313,3.867392,2.890940,5.613393
2025-01-01 15:24:00.000,7,37.456674,4.656010,2.886710,9.349749
2025-01-01 15:25:00.000,6,35.836750,4.880701,2.882558,9.271960
2025-01-01 15:26:00.000,6,35.815792,4.874288,2.878482,9.197729
2025-01-01 15:27:00.000,7,37.326711,4.643592,2.874484,9.126926
2025-01-01 15:28:00.000,5,39.861646,4.026064,2.870561,5.831601
2025-01-01 15:29:00.000,5,39.804417,4.035395,2.866714,5.880094
2025-01-01 15:30:00.000,5,39.744760,4.045473,2.862944,5.930331
2025-01-01 15:31:00.000,6,35.670741,4.859529,2.859248,8.875633
2025-01-01 15:32:00.000,7,37.062144,4.642997,2.855628,8.820264
2025-01-01 15:33:00.000,6,44.276831,3.828114,2.582748,6.092125
2025-01-01 15:34:00.000,5,39.482290,4.093493,2.848611,6.149975
2025-01-01 15:35:00.000,6,35.507335,4.868011,2.845215,8.670588
2025-01-01 15:36:00.000,6,44.277087,3.854562,2.576411,6.272000
2025-01-01 15:37:00.000,7,40.383861,4.475469,2.574606,8.140321
2025-01-01 15:38:00.000,7,40.320211,4.510997,2.572952,8.324439
2025-01-01 15:39:00.000,7,40.253803,4.548391,2.571447,8.517554
2025-01-01 15:40:00.000,7,40.184643,4.587759,2.570091,8.720324
2025-01-01 15:41:00.000,7,40.112738,4.629218,2.568882,8.933471
2025-01-01 15:42:00.000,6,44.191395,3.925417,2.567818,6.695026
2025-01-01 15:43:00.000,6,35.058602,4.939219,2.820719,8.379530
2025-01-01 15:44:00.000,6,34.991396,4.953381,2.817990,8.353174
2025-01-01 15:45:00.000,7,36.104693,4.757368,2.815336,8.328894
2025-01-01 15:46:00.000,7,36.015511,4.773411,2.812755,8.306655
2025-01-01 15:47:00.000,6,34.775349,5.003294,2.810249,8.286421
2025-01-01 15:48:00.000,6,34.698577,5.022490,2.807818,8.268161
2025-01-01 15:49:00.000,6,34.619453,5.043011,2.805461,8.251847
2025-01-01 15:50:00.000,6,34.537992,5.064891,2.803179,8.237452
2025-01-01 15:51:00.000,7,35.537577,4.870841,2.800972,8.224952
2025-01-01 15:52:00.000,6,34.368126,5.112872,2.798840,8.214325
2025-01-01 15:53:00.000,7,35.331699,4.918394,2.796783,8.205553
2025-01-01 15:54:00.000,7,35.225660,4.944152,2.794802,8.198616
2025-01-01 15:55:00.000,7,35.117572,4.971287,2.792897,8.193501
2025-01-01 15:56:00.000,7,35.007446,4.999847,2.791068,8.190194
2025-01-01 15:57:00.000,7,34.895295,5.029883,2.789316,8.285095
2025-01-01 15:58:00.000,7,34.781131,5.061452,2.787641,8.429659
2025-01-01 15:59:00.000,6,33.702283,5.330027,2.786042,8.580687
2025-01-01 16:00:00.000,6,37.660914,4.527908,2.784522,8.194853
2025-01-01 16:01:00.000,5,37.078524,4.708982,2.783079,8.200458
2025-01-01 16:02:00.000,6,33.383869,5.450213,2.781715,9.076734
2025-01-01 16:03:00.000,6,33.273432,5.494479,2.780430,9.257988
2025-01-01 16:04:00.000,6,33.160869,5.541018,2.779224,9.448094
2025-01-01 16:05:00.000,5,36.788687,4.778402,2.778098,8.240593
2025-01-01 16:06:00.000,6,37.092502,4.631034,2.777052,8.255070
2025-01-01 16:07:00.000,5,36.630794,4.818994,2.776087,8.271337
2025-01-01 16:08:00.000,5,36.548631,4.840827,2.775203,8.289404
2025-01-01 16:09:00.000,6,36.782119,4.694380,2.774401,8.309282
2025-01-01 16:10:00.000,5,36.377913,4.887679,2.773682,8.330984
2025-01-01 16:11:00.000,6,36.565610,4.741311,2.773046,8.354526
2025-01-01 16:12:00.000,6,36.454496,4.766254,2.772494,8.379924
2025-01-01 16:13:00.000,5,36.105970,4.966300,2.772026,8.407198
2025-01-01 16:14:00.000,6,36.226579,4.819220,2.771644,8.436370
2025-01-01 16:15:00.000,6,36.109788,4.847298,2.771347,8.467462
2025-01-01 16:16:00.000,5,35.815176,5.055636,2.771137,8.500500
2025-01-01 16:17:00.000,5,47.768261,3.619428,2.614477,5.668406
2025-01-01 16:18:00.000,4,50.500391,3.536568,2.618039,5.725494
2025-01-01 16:19:00.000,4,50.450839,3.549611,2.621718,5.784153
2025-01-01 16:20:00.000,4,50.398467,3.563172,2.625514,5.844432
2025-01-01 16:21:00.000,4,50.343305,3.577263,2.629426,5.906380
2025-01-01 16:22:00.000,5,47.338329,3.695123,2.633455,5.970052
2025-01-01 16:23:00.000,4,50.224741,3.607086,2.637600,6.035502
2025-01-01 16:24:00.000,5,47.149633,3.728986,2.641861,6.102788
2025-01-01 16:25:00.000,5,47.051797,3.746736,2.646237,6.171970
2025-01-01 16:26:00.000,6,37.800672,6.109122,2.650729,13.696133
2025-01-01 16:27:00.000,6,37.882796,6.005274,2.655336,13.185557
2025-01-01 16:28:00.000,6,37.963404,5.909205,2.660058,12.711019
2025-01-01 16:29:00.000,6,38.042510,5.820235,2.664895,12.268865
2025-01-01 16:30:00.000,7,37.494075,5.532444,2.669847,11.855921
2025-01-01 16:31:00.000,7,37.526372,5.470617,2.674913,11.469414
2025-01-01 16:32:00.000,6,40.656217,5.090886,2.680094,11.106909
2025-01-01 16:33:00.000,6,40.626450,5.053053,2.685389,10.766265
2025-01-01 16:34:00.000,5,42.152255,5.141354,2.690799,10.445585
2025-01-01 16:35:00.000,5,42.159598,5.099400,2.696323,10.143188
2025-01-01 16:36:00.000,5,42.165237,5.061444,2.701962,9.857576
2025-01-01 16:37:00.000,6,38.622587,5.305783,2.707715,9.587409
2025-01-01 16:38:00.000,5,32.658600,6.414578,2.790168,9.803601
2025-01-01 16:39:00.000,5,32.679302,6.404275,2.792203,9.894690
2025-01-01 16:40:00.000,6,32.479816,6.095832,2.794348,9.989248
2025-01-01 16:41:00.000,6,31.000848,6.372612,2.796607,10.087397
2025-01-01 16:42:00.000,7,31.053202,6.112893,2.798979,10.189265
2025-01-01 16:43:00.000,7,31.083149,6.106993,2.801467,10.294988
2025-01-01 16:44:00.000,5,32.756094,6.408240,2.804071,10.404711
2025-01-01 16:45:00.000,6,31.298996,6.329721,2.806794,10.518587
2025-01-01 16:46:00.000,6,31.369738,6.327422,2.809637,10.636779
2025-01-01 16:47:00.000,5,32.781119,6.452108,2.812602,10.759460
2025-01-01 16:48:00.000,6,31.506680,6.332566,2.815689,10.886813
2025-01-01 16:49:00.000,6,31.572883,6.339953,2.813624,11.019034
2025-01-01 16:50:00.000,6,31.637578,6.350532,2.809480,11.156330
2025-01-01 16:51:00.000,7,31.271017,6.165809,2.805489,11.298923
2025-01-01 16:52:00.000,6,31.762452,6.381277,2.801650,11.447048
2025-01-01 16:53:00.000,5,32.785110,6.629929,2.797960,11.600956
2025-01-01 16:54:00.000,6,31.881321,6.424930,2.794417,11.760916
2025-01-01 16:55:00.000,5,36.015855,5.356578,2.791019,9.607951
2025-01-01 16:56:00.000,5,36.116158,5.358118,2.787765,9.793226
2025-01-01 16:57:00.000,5,36.215002,5.362366,2.784653,9.985683
2025-01-01 16:58:00.000,5,36.312384,5.369343,2.781681,10.185717
2025-01-01 16:59:00.000,5,36.408297,5.379080,2.778847,10.393752
2025-01-01 17:00:00.000,4,42.376089,4.086965,2.776150,5.878720
2025-01-01 17:01:00.000,4,42.561109,4.049847,2.773587,5.782241
2025-01-01 17:02:00.000,5,36.687183,5.425323,2.771158,11.070598
2025-01-01 17:03:00.000,5,36.777179,5.446621,2.768861,11.315566
2025-01-01 17:04:00.000,5,36.865685,5.470993,2.766694,11.571204
2025-01-01 17:05:00.000,4,54.764982,2.939225,2.764655,3.187522
2025-01-01 17:06:00.000,4,54.801258,2.936425,2.762744,3.163435
2025-01-01 17:07:00.000,4,54.835701,2.933871,2.760959,3.139919
2025-01-01 17:08:00.000,4,54.868316,2.931559,2.759298,3.116962
2025-01-01 17:09:00.000,4,43.967632,3.794823,2.757760,5.115623
2025-01-01 17:10:00.000,5,46.508701,4.493128,2.756344,10.755012
2025-01-01 17:11:00.000,5,46.560367,4.467459,2.755048,10.633057
2025-01-01 17:12:00.000,5,46.610186,4.442850,2.753871,10.515462
2025-01-01 17:13:00.000,5,46.658153,4.419264,2.752812,10.402060
2025-01-01 17:14:00.000,5,46.704263,4.396668,2.751870,10.292693
2025-01-01 17:15:00.000,4,55.045724,2.921988,2.751043,3.013435
2025-01-01 17:16:00.000,5,46.790884,4.354327,2.750330,10.085482
2025-01-01 17:17:00.000,4,45.139553,4.676285,2.749731,9.987365
2025-01-01 17:18:00.000,4,45.238259,4.650691,2.749243,9.892739
2025-01-01 17:19:00.000,4,45.335364,4.626113,2.748867,9.801485
2025-01-01 17:20:00.000,4,45.430850,4.602520,2.748600,9.713493
2025-01-01 17:21:00.000,4,45.524702,4.579885,2.748442,9.628655
2025-01-01 17:22:00.000,5,47.005487,4.248182,2.748393,9.546874
2025-01-01 17:23:00.000,5,47.034574,4.233294,2.748449,9.468053
2025-01-01 17:24:00.000,5,47.061730,4.219153,2.748612,9.392105
2025-01-01 17:25:00.000,5,47.086944,4.205741,2.748880,9.318944
2025-01-01 17:26:00.000,5,47.110206,4.193044,2.749252,9.248490
2025-01-01 17:27:00.000,5,47.131505,4.181044,2.749727,9.180668
2025-01-01 17:28:00.000,5,47.150828,4.169727,2.750304,9.115406
2025-01-01 17:29:00.000,5,47.168162,4.159080,2.745088,9.052636
2025-01-01 17:30:00.000,5,47.183494,4.149089,2.731902,8.992294
2025-01-01 17:31:00.000,5,47.196807,4.139743,2.719074,8.934319
2025-01-01 17:32:00.000,5,47.208085,4.131029,2.706598,8.878653
2025-01-01 17:33:00.000,5,47.217311,4.122937,2.694468,8.825243
2025-01-01 17:34:00.000,5,47.224464,4.115456,2.682680,8.774037
2025-01-01 17:35:00.000,5,47.229525,4.108578,2.671229,8.724987
2025-01-01 17:36:00.000,5,47.232469,4.102293,2.660108,8.678047
2025-01-01 17:37:00.000,5,47.233273,4.096594,2.649315,8.633174
2025-01-01 17:38:00.000,5,47.231909,4.091472,2.638844,8.590327
2025-01-01 17:39:00.000,5,47.228349,4.086920,2.628691,8.549469
2025-01-01 17:40:00.000,5,47.222560,4.082933,2.618851,8.510564
2025-01-01 17:41:00.000,5,47.214509,4.079503,2.609321,8.473577
2025-01-01 17:42:00.000,5,47.204159,4.076625,2.600097,8.438478
2025-01-01 17:43:00.000,5,47.191469,4.074295,2.591174,8.405238
2025-01-01 17:44:00.000,5,47.176394,4.072508,2.582550,8.373829
2025-01-01 17:45:00.000,5,47.158888,4.071260,2.574220,8.344226
2025-01-01 17:46:00.000,5,47.138899,4.070547,2.566181,8.316405
2025-01-01 17:47:00.000,5,47.116371,4.070366,2.558431,8.290346
2025-01-01 17:48:00.000,5,47.091244,4.070715,2.550965,8.266028
2025-01-01 17:49:00.000,5,47.063451,4.071591,2.543781,8.243434
2025-01-01 17:50:00.000,5,47.032922,4.072992,2.536876,8.222547
2025-01-01 17:51:00.000,5,46.999579,4.074918,2.530246,8.203353
2025-01-01 17:52:00.000,4,55.129344,3.009548,2.523891,3.382724
2025-01-01 17:53:00.000,5,46.924115,4.080338,2.517805,8.169994
2025-01-01 17:54:00.000,5,46.881808,4.083832,2.511989,8.155808
2025-01-01 17:55:00.000,5,46.836316,4.087849,2.506438,8.143275
2025-01-01 17:56:00.000,4,47.548964,4.251865,2.501151,8.132386
2025-01-01 17:57:00.000,5,46.735319,4.097456,2.496125,8.123138
2025-01-01 17:58:00.000,5,46.679569,4.103049,2.491358,8.115528
2025-01-01 17:59:00.000,5,46.620141,4.109171,2.486850,8.109554
2025-01-01 18:00:00.000,4,47.562067,4.261542,2.482596,8.105217
2025-01-01 18:01:00.000,5,46.489670,4.123010,2.478597,8.102517
2025-01-01 18:02:00.000,4,47.542272,4.269697,2.474849,8.101459
2025-01-01 18:03:00.000,3,60.075288,2.846247,2.471352,3.237487
2025-01-01 18:04:00.000,4,48.092457,5.040826,2.468104,11.630634
2025-01-01 18:05:00.000,5,46.177804,4.157172,2.465103,8.108190
2025-01-01 18:06:00.000,4,55.426083,3.046841,2.462348,3.664642
2025-01-01 18:07:00.000,4,47.402498,4.299865,2.459838,8.121019
2025-01-01 18:08:00.000,4,55.368256,3.057083,2.457572,3.712666
2025-01-01 18:09:00.000,5,45.788829,4.200234,2.455549,8.140637
2025-01-01 18:10:00.000,5,45.678226,4.212436,2.453766,8.153031
2025-01-01 18:11:00.000,5,45.561956,4.225227,2.452225,8.167173
2025-01-01 18:12:00.000,5,45.439878,4.238616,2.450923,8.183084
2025-01-01 18:13:00.000,4,54.929074,3.101903,2.449859,3.897125
2025-01-01 18:14:00.000,4,54.867962,3.107608,2.449034,3.918870
2025-01-01 18:15:00.000,4,54.798609,3.113564,2.448447,3.940919
2025-01-01 18:16:00.000,5,46.985388,4.224326,2.448096,8.642542
2025-01-01 18:17:00.000,5,40.596432,5.214970,2.447982,8.458955
2025-01-01 18:18:00.000,4,54.540501,3.132946,2.448104,4.008949
2025-01-01 18:19:00.000,4,54.437762,3.139916,2.448461,4.032275
2025-01-01 18:20:00.000,4,54.326757,3.147143,2.449054,4.055938
2025-01-01 18:21:00.000,4,54.207591,3.154628,2.449882,4.079944
2025-01-01 18:22:00.000,4,54.080400,3.162374,2.450945,4.104300
2025-01-01 18:23:00.000,4,53.945351,3.170383,2.452243,4.129015
2025-01-01 18:24:00.000,4,53.802637,3.178656,2.453775,4.154096
2025-01-01 18:25:00.000,4,53.652470,3.187196,2.455543,4.179551
2025-01-01 18:26:00.000,5,46.732350,3.975176,2.457546,7.091863
2025-01-01 18:27:00.000,5,46.675064,3.957245,2.459785,6.965890
2025-01-01 18:28:00.000,5,46.612658,3.940385,2.462259,6.844177
2025-01-01 18:29:00.000,5,46.545334,3.924558,2.464969,6.726519
2025-01-01 18:30:00.000,5,46.473300,3.909727,2.467916,6.612725
2025-01-01 18:31:00.000,5,46.396759,3.895858,2.471100,6.502616
2025-01-01 18:32:00.000,5,46.315913,3.882922,2.474521,6.396024
2025-01-01 18:33:00.000,5,46.230959,3.870888,2.478181,6.292791
2025-01-01 18:34:00.000,5,46.142087,3.859730,2.482080,6.192769
2025-01-01 18:35:00.000,6,40.295712,5.199965,2.486218,11.952674
2025-01-01 18:36:00.000,6,40.275791,5.132359,2.490598,11.594439
2025-01-01 18:37:00.000,6,40.253350,5.068700,2.495219,11.255858
2025-01-01 18:38:00.000,6,40.228522,5.008715,2.500083,10.935389
2025-01-01 18:39:00.000,6,40.201435,4.952156,2.505190,10.631644
2025-01-01 18:40:00.000,6,40.172210,4.898800,2.510543,10.343377
2025-01-01 18:41:00.000,6,40.140963,4.848448,2.516142,10.069460
2025-01-01 18:42:00.000,6,40.107802,4.800915,2.521988,9.808872
2025-01-01 18:43:00.000,6,40.072830,4.756037,2.528084,9.560688
2025-01-01 18:44:00.000,6,40.036145,4.713663,2.534430,9.324066
2025-01-01 18:45:00.000,5,44.953481,3.788738,2.541028,5.269548
2025-01-01 18:46:00.000,5,44.829887,3.786563,2.547880,5.199103
2025-01-01 18:47:00.000,5,44.704208,3.785048,2.554988,5.130548
2025-01-01 18:48:00.000,6,39.874054,4.566620,2.562353,8.478800
2025-01-01 18:49:00.000,6,39.830097,4.534920,2.569978,8.289702
2025-01-01 18:50:00.000,6,39.784912,4.505054,2.577864,8.108429
2025-01-01 18:51:00.000,6,39.738568,4.476941,2.586014,7.934522
2025-01-01 18:52:00.000,6,39.691127,4.450504,2.594429,7.767559
2025-01-01 18:53:00.000,6,39.642650,4.425676,2.603112,7.607146
2025-01-01 18:54:00.000,6,39.593194,4.402393,2.612066,7.452922
2025-01-01 18:55:00.000,6,39.542815,4.380594,2.621293,7.304550
2025-01-01 18:56:00.000,6,39.491563,4.360227,2.630795,7.161718
2025-01-01 18:57:00.000,6,39.439488,4.341241,2.640576,7.024135
2025-01-01 18:58:00.000,6,39.386639,4.323590,2.650637,6.891531
2025-01-01 18:59:00.000,6,39.333059,4.307231,2.660983,6.763653
2025-01-01 19:00:00.000,6,39.278792,4.292125,2.671615,6.640267
2025-01-01 19:01:00.000,6,39.223880,4.278236,2.682538,6.521152
2025-01-01 19:02:00.000,6,39.168362,4.265531,2.693754,6.406101
2025-01-01 19:03:00.000,6,39.112274,4.253980,2.705266,6.294924
2025-01-01 19:04:00.000,6,39.055654,4.243554,2.717079,6.187437
2025-01-01 19:05:00.000,6,38.998536,4.234227,2.729196,6.083473
2025-01-01 19:06:00.000,6,38.940952,4.225977,2.741620,5.982872
2025-01-01 19:07:00.000,6,38.882934,4.218782,2.754356,5.885484
2025-01-01 19:08:00.000,6,38.824512,4.212624,2.767407,5.804091
2025-01-01 19:09:00.000,6,38.765715,4.207484,2.780778,5.860431
2025-01-01 19:10:00.000,6,38.706571,4.203347,2.794473,5.918045
2025-01-01 19:11:00.000,6,38.647106,4.200201,2.808495,5.976978
2025-01-01 19:12:00.000,6,38.587344,4.198032,2.822851,6.037276
2025-01-01 19:13:00.000,6,38.527310,4.196831,2.837544,6.098988
2025-01-01 19:14:00.000,6,33.645953,5.023503,2.852580,8.301779
2025-01-01 19:15:00.000,6,33.556426,5.053027,2.867963,8.486085
2025-01-01 19:16:00.000,6,38.345800,4.198954,2.883699,6.293114
2025-01-01 19:17:00.000,6,38.284896,4.201551,2.899793,6.361005
2025-01-01 19:18:00.000,6,38.223823,4.205087,2.916251,6.430585
2025-01-01 19:19:00.000,6,38.162600,4.209560,2.933078,6.501919
2025-01-01 19:20:00.000,6,38.101244,4.214972,2.950280,6.575074
2025-01-01 19:21:00.000,6,38.039769,4.221322,2.967864,6.650120
2025-01-01 19:22:00.000,6,37.978192,4.228614,2.985836,6.727131
2025-01-01 19:23:00.000,6,37.916525,4.236853,3.004202,6.806185
2025-01-01 19:24:00.000,5,41.431158,4.286368,2.467966,6.887364
2025-01-01 19:25:00.000,5,41.338366,4.300556,2.469338,6.970755
2025-01-01 19:26:00.000,5,41.242618,4.315736,2.470874,7.056449
2025-01-01 19:27:00.000,5,41.144015,4.331919,2.472573,7.144543
2025-01-01 19:28:00.000,5,41.042661,4.349121,2.474434,7.235137
2025-01-01 19:29:00.000,5,40.938661,4.367360,2.476458,7.328341
2025-01-01 19:30:00.000,5,40.832122,4.386653,2.478642,7.424267
2025-01-01 19:31:00.000,5,40.723152,4.407021,2.480988,7.523035
2025-01-01 19:32:00.000,5,40.611857,4.428487,2.483495,7.624775
2025-01-01 19:33:00.000,5,40.498345,4.451076,2.486163,7.729619
2025-01-01 19:34:00.000,5,40.382719,4.474814,2.488991,7.837714
2025-01-01 19:35:00.000,5,40.265083,4.499731,2.491979,7.949209
2025-01-01 19:36:00.000,5,40.145535,4.525858,2.495126,8.064269
2025-01-01 19:37:00.000,5,40.024175,4.553231,2.498434,8.183065
2025-01-01 19:38:00.000,5,39.901096,4.581885,2.501901,8.305781
2025-01-01 19:39:00.000,5,39.776389,4.611862,2.505528,8.432613
2025-01-01 19:40:00.000,5,39.650142,4.643204,2.509314,8.563771
2025-01-01 19:41:00.000,5,39.522439,4.675958,2.513260,8.699477
2025-01-01 19:42:00.000,5,39.393361,4.710174,2.517364,8.839971
2025-01-01 19:43:00.000,5,39.262984,4.745907,2.521629,8.985510
2025-01-01 19:44:00.000,5,39.131384,4.783216,2.526052,9.136367
2025-01-01 19:45:00.000,5,41.226710,4.051977,2.530635,5.441913
2025-01-01 19:46:00.000,5,38.864784,4.862816,2.535378,9.455241
2025-01-01 19:47:00.000,5,38.729916,4.905249,2.540280,9.623915
2025-01-01 19:48:00.000,5,38.594082,4.949541,2.545342,9.799229
2025-01-01 19:49:00.000,5,41.110999,4.047626,2.550565,5.240815
2025-01-01 19:50:00.000,5,38.319741,5.044055,2.555947,10.171398
2025-01-01 19:51:00.000,5,38.181338,5.094470,2.561490,10.369147
2025-01-01 19:52:00.000,5,41.017862,4.051876,2.567194,5.234460
2025-01-01 19:53:00.000,5,40.985885,4.054743,2.573059,5.297175
2025-01-01 19:54:00.000,5,40.953518,4.058344,2.579085,5.361620
2025-01-01 19:55:00.000,5,40.920802,4.062686,2.585274,5.427854
2025-01-01 19:56:00.000,5,40.887778,4.067776,2.591624,5.495940
2025-01-01 19:57:00.000,5,40.854481,4.073623,2.598137,5.565944
2025-01-01 19:58:00.000,5,40.820945,4.080237,2.604813,5.637935
2025-01-01 19:59:00.000,5,40.787203,4.087627,2.611653,5.711985
2025-01-01 20:00:00.000,5,40.753285,4.095806,2.618657,5.788172
2025-01-01 20:01:00.000,5,40.719217,4.104785,2.625826,5.866575
2025-01-01 20:02:00.000,5,40.685026,4.114578,2.633160,5.947278
2025-01-01 20:03:00.000,5,40.650735,4.125200,2.640660,6.030370
2025-01-01 20:04:00.000,5,40.616365,4.136667,2.648327,6.115945
2025-01-01 20:05:00.000,5,40.581937,4.148995,2.656161,6.204102
2025-01-01 20:06:00.000,5,40.547469,4.162204,2.664162,6.294943
2025-01-01 20:07:00.000,5,40.512976,4.176312,2.672333,6.388579
2025-01-01 20:08:00.000,5,40.478473,4.191342,2.680673,6.485126
2025-01-01 20:09:00.000,5,40.443973,4.207316,2.689183,6.584705
2025-01-01 20:10:00.000,5,40.409486,4.224259,2.697865,6.687446
2025-01-01 20:11:00.000,5,40.375023,4.242196,2.706719,6.793486
2025-01-01 20:12:00.000,5,40.340590,4.261156,2.715745,6.902970
2025-01-01 20:13:00.000,5,40.306195,4.281168,2.724946,7.016051
2025-01-01 20:14:00.000,5,40.271841,4.302265,2.734322,7.132892
2025-01-01 20:15:00.000,5,40.237532,4.324482,2.743874,7.253667
2025-01-01 20:16:00.000,5,40.203268,4.347854,2.753602,7.378558
2025-01-01 20:17:00.000,5,40.169049,4.372421,2.763509,7.507762
2025-01-01 20:18:00.000,5,40.134873,4.398224,2.773596,7.641487
2025-01-01 20:19:00.000,5,40.100737,4.425310,2.783862,7.779954
2025-01-01 20:20:00.000,6,39.332625,4.527849,2.606729,7.923399
2025-01-01 20:21:00.000,6,39.351616,4.560941,2.600395,8.072076
2025-01-01 20:22:00.000,6,39.369514,4.595536,2.594326,8.226254
2025-01-01 20:23:00.000,6,39.386237,4.631693,2.588519,8.386222
2025-01-01 20:24:00.000,5,39.930400,4.581781,2.788487,8.552290
2025-01-01 20:25:00.000,5,39.896326,4.617701,2.775268,8.724789
2025-01-01 20:26:00.000,5,39.862216,4.655323,2.762404,8.904075
2025-01-01 20:27:00.000,5,39.828052,4.694726,2.749890,9.090532
2025-01-01 20:28:00.000,5,39.793813,4.735996,2.737721,9.284572
2025-01-01 20:29:00.000,5,39.759476,4.779225,2.725892,9.486641
2025-01-01 20:30:00.000,5,39.725017,4.824512,2.714398,9.697217
2025-01-01 20:31:00.000,5,39.690408,4.871964,2.703235,9.916821
2025-01-01 20:32:00.000,6,39.468864,5.039605,2.547855,10.146014
2025-01-01 20:33:00.000,6,39.468702,5.095784,2.544604,10.385406
2025-01-01 20:34:00.000,6,39.466292,5.154555,2.541605,10.635660
2025-01-01 20:35:00.000,6,39.461528,5.216061,2.538854,10.897497
2025-01-01 20:36:00.000,5,39.513986,5.146159,2.652230,11.171703
2025-01-01 20:37:00.000,5,39.477762,5.209435,2.642964,11.459135
2025-01-01 20:38:00.000,5,39.441122,5.275941,2.634000,11.760736
2025-01-01 20:39:00.000,5,39.404017,5.345889,2.625336,12.077534
2025-01-01 20:40:00.000,6,39.398755,5.570615,2.528835,12.410665
2025-01-01 20:41:00.000,5,43.238954,5.390910,2.527575,12.761374
2025-01-01 20:42:00.000,5,39.289360,5.578838,2.601109,13.131043
2025-01-01 20:43:00.000,5,39.249826,5.665139,2.593612,13.521196
2025-01-01 20:44:00.000,4,46.544325,3.712013,2.586399,5.696693
2025-01-01 20:45:00.000,4,46.568552,3.723465,2.579467,5.754810
2025-01-01 20:46:00.000,4,46.591246,3.735492,2.572815,5.814428
2025-01-01 20:47:00.000,5,45.227531,4.425652,2.525225,7.761454
2025-01-01 20:48:00.000,5,45.234052,4.463254,2.525703,7.912337
2025-01-01 20:49:00.000,5,45.235927,4.502479,2.526431,8.068858
2025-01-01 20:50:00.000,5,45.233079,4.543401,2.527410,8.231331
2025-01-01 20:51:00.000,5,45.225438,4.586102,2.528639,8.400090
2025-01-01 20:52:00.000,5,45.212937,4.630665,2.530121,8.575498
2025-01-01 20:53:00.000,5,45.195513,4.677185,2.531855,8.757946
2025-01-01 20:54:00.000,5,45.173111,4.725759,2.529364,8.947854
2025-01-01 20:55:00.000,4,46.707671,3.872056,2.525124,6.428763
2025-01-01 20:56:00.000,4,46.708522,3.890697,2.521142,6.506990
2025-01-01 20:57:00.000,4,46.706453,3.910108,2.517418,6.587520
2025-01-01 20:58:00.000,5,45.032703,4.942887,2.513949,9.791812
2025-01-01 20:59:00.000,5,44.984687,5.003532,2.510735,10.026692
2025-01-01 21:00:00.000,5,44.931434,5.067024,2.507774,10.272430
2025-01-01 21:01:00.000,5,44.872916,5.133537,2.505066,10.529785
2025-01-01 21:02:00.000,5,44.809111,5.203262,2.502608,10.799585
2025-01-01 21:03:00.000,5,44.740001,5.276407,2.500400,11.082743
2025-01-01 21:04:00.000,5,44.665577,5.353201,2.498442,11.380260
2025-01-01 21:05:00.000,5,44.585835,5.433894,2.496732,11.693242
2025-01-01 21:06:00.000,5,44.500780,5.518762,2.495269,12.022912
2025-01-01 21:07:00.000,5,44.410425,5.608110,2.494053,12.370623
2025-01-01 21:08:00.000,5,44.314792,5.702276,2.493084,12.737882
2025-01-01 21:09:00.000,5,44.213915,5.801632,2.492360,13.126367
2025-01-01 21:10:00.000,5,44.107837,5.906596,2.491881,13.537954
2025-01-01 21:11:00.000,4,52.535535,4.028355,2.491648,8.024829
2025-01-01 21:12:00.000,4,52.470022,4.059301,2.491659,8.155963
2025-01-01 21:13:00.000,4,52.397918,4.091659,2.491914,8.291997
2025-01-01 21:14:00.000,4,52.319335,4.125498,2.492414,8.433205
2025-01-01 21:15:00.000,5,44.124710,5.687141,2.493158,11.792143
2025-01-01 21:16:00.000,5,44.104019,5.665929,2.494146,11.537983
2025-01-01 21:17:00.000,5,44.078361,5.648386,2.495379,11.295291
2025-01-01 21:18:00.000,5,44.047863,5.634433,2.496856,11.063310
2025-01-01 21:19:00.000,5,44.012661,5.624014,2.498578,10.841351
2025-01-01 21:20:00.000,5,43.972898,5.617088,2.500545,10.628783
2025-01-01 21:21:00.000,5,43.928722,5.613632,2.502758,10.425025
2025-01-01 21:22:00.000,5,43.880284,5.613644,2.505216,10.229544
2025-01-01 21:23:00.000,5,43.827739,5.617134,2.507921,10.041849
2025-01-01 21:24:00.000,5,43.771244,5.624135,2.510873,10.207426
2025-01-01 21:25:00.000,5,43.710956,5.634695,2.514073,10.431167
2025-01-01 21:26:00.000,5,38.872908,5.899546,2.517522,10.665736
2025-01-01 21:27:00.000,5,38.829305,5.920872,2.521220,10.911924
2025-01-01 21:28:00.000,5,38.783265,5.946038,2.525169,11.170601
2025-01-01 21:29:00.000,5,38.734897,5.975176,2.529369,11.442729
2025-01-01 21:30:00.000,5,38.684310,6.008444,2.533822,11.729369
2025-01-01 21:31:00.000,5,38.631608,6.046023,2.538528,12.031696
2025-01-01 21:32:00.000,5,38.576894,6.088127,2.543490,12.351017
2025-01-01 21:33:00.000,4,45.437889,4.496556,2.548708,8.508201
2025-01-01 21:34:00.000,4,45.440094,4.472008,2.554184,8.382464
2025-01-01 21:35:00.000,4,45.440284,4.448711,2.559919,8.260784
2025-01-01 21:36:00.000,5,41.404346,4.660425,2.565916,8.142970
2025-01-01 21:37:00.000,5,41.470797,4.629552,2.572175,8.028840
2025-01-01 21:38:00.000,5,41.536169,4.599914,2.578698,7.918226
2025-01-01 21:39:00.000,5,41.600536,4.571471,2.585488,7.810968
2025-01-01 21:40:00.000,5,41.663967,4.544185,2.592546,7.706916
2025-01-01 21:41:00.000,5,41.726525,4.518021,2.599875,7.605930
2025-01-01 21:42:00.000,5,41.788270,4.492945,2.607477,7.507876
2025-01-01 21:43:00.000,5,41.849258,4.468926,2.615353,7.412630
2025-01-01 21:44:00.000,5,41.909537,4.445936,2.623507,7.320072
2025-01-01 21:45:00.000,5,41.969155,4.423945,2.617326,7.230091
2025-01-01 21:46:00.000,5,42.028153,4.402929,2.609583,7.142580
2025-01-01 21:47:00.000,5,42.086568,4.382864,2.602011,7.057441
2025-01-01 21:48:00.000,6,41.369259,4.721199,2.594611,8.166118
2025-01-01 21:49:00.000,6,41.434147,4.681048,2.587381,8.036504
2025-01-01 21:50:00.000,6,41.498399,4.642302,2.580321,7.911092
2025-01-01 21:51:00.000,6,41.562041,4.604917,2.573430,7.789701
2025-01-01 21:52:00.000,6,38.332170,4.858731,2.566709,7.672162
2025-01-01 21:53:00.000,6,38.425539,4.827429,2.560157,7.558314
2025-01-01 21:54:00.000,6,38.518524,4.797399,2.553773,7.448006
2025-01-01 21:55:00.000,7,34.565907,5.996670,2.547556,13.365051
2025-01-01 21:56:00.000,7,37.406098,5.655732,2.541508,12.968584
2025-01-01 21:57:00.000,7,37.503455,5.576355,2.535627,12.593366
2025-01-01 21:58:00.000,7,37.600578,5.500724,2.529913,12.237774
2025-01-01 21:59:00.000,7,37.697454,5.428605,2.524366,11.900348
2025-01-01 22:00:00.000,7,37.794070,5.359787,2.518986,11.579766
2025-01-01 22:01:00.000,6,38.477315,5.471260,2.513773,11.274836
2025-01-01 22:02:00.000,7,37.986438,5.231298,2.508726,10.984471
2025-01-01 22:03:00.000,7,38.082140,5.171290,2.503845,10.707685
2025-01-01 22:04:00.000,7,38.177480,5.113906,2.499131,10.443577
2025-01-01 22:05:00.000,7,38.272421,5.059011,2.494583,10.191324
2025-01-01 22:06:00.000,7,38.366921,5.006482,2.490202,9.950175
2025-01-01 22:07:00.000,7,38.460933,4.956204,2.485987,9.719438
2025-01-01 22:08:00.000,7,38.554406,4.908072,2.481938,9.498479
2025-01-01 22:09:00.000,7,38.647281,4.861990,2.478056,9.286714
2025-01-01 22:10:00.000,6,40.975844,4.690096,2.474341,9.083605
2025-01-01 22:11:00.000,6,41.043077,4.648871,2.470792,8.888653
2025-01-01 22:12:00.000,6,41.109415,4.609584,2.467411,8.701399
2025-01-01 22:13:00.000,7,39.011467,4.696470,2.464197,8.521417
2025-01-01 22:14:00.000,7,39.100296,4.659423,2.461151,8.348311
2025-01-01 22:15:00.000,7,39.188062,4.623981,2.458273,8.181714
2025-01-01 22:16:00.000,7,39.274668,4.590086,2.455563,8.021286
2025-01-01 22:17:00.000,7,37.224599,4.894003,2.453021,7.866707
2025-01-01 22:18:00.000,7,37.336287,4.867326,2.450649,7.717681
2025-01-01 22:19:00.000,7,37.446448,4.842131,2.448446,7.573932
2025-01-01 22:20:00.000,7,39.607348,4.468996,2.446414,7.435200
2025-01-01 22:21:00.000,7,39.686513,4.442129,2.444552,7.301243
2025-01-01 22:22:00.000,7,39.763839,4.416549,2.442861,7.171836
2025-01-01 22:23:00.000,7,39.839208,4.392223,2.441342,7.046764
2025-01-01 22:24:00.000,8,36.374055,5.307148,2.439995,11.873350
2025-01-01 22:25:00.000,8,36.483811,5.241540,2.438821,11.501841
2025-01-01 22:26:00.000,8,36.591568,5.179824,2.437821,11.153283
2025-01-01 22:27:00.000,8,35.069087,5.456957,2.436996,10.825638
2025-01-01 22:28:00.000,8,35.196269,5.406826,2.436346,10.517103
2025-01-01 22:29:00.000,8,35.321132,5.359959,2.435872,10.226075
2025-01-01 22:30:00.000,8,35.443614,5.316167,2.435575,9.951128
2025-01-01 22:31:00.000,8,35.563666,5.275281,2.435456,9.690986
2025-01-01 22:32:00.000,8,35.681252,5.237151,2.435516,9.444502
2025-01-01 22:33:00.000,8,37.283696,4.837120,2.435757,9.210649
2025-01-01 22:34:00.000,8,37.373167,4.798795,2.436178,8.988498
2025-01-01 22:35:00.000,8,37.460260,4.762727,2.436781,8.777208
2025-01-01 22:36:00.000,8,37.545002,4.728813,2.437568,8.576020
2025-01-01 22:37:00.000,8,37.627433,4.696963,2.438539,8.384242
2025-01-01 22:38:00.000,8,37.707603,4.667094,2.439696,8.201244
2025-01-01 22:39:00.000,8,37.785574,4.639132,2.441040,8.026451
2025-01-01 22:40:00.000,8,37.861414,4.613011,2.442572,7.859338
2025-01-01 22:41:00.000,8,37.935199,4.588672,2.444294,7.699423
2025-01-01 22:42:00.000,8,38.007009,4.566061,2.446208,7.546265
2025-01-01 22:43:00.000,8,38.076927,4.545130,2.448314,7.399458
2025-01-01 22:44:00.000,8,38.145039,4.525840,2.450614,7.258626
2025-01-01 22:45:00.000,8,38.211431,4.508152,2.453110,7.123424
2025-01-01 22:46:00.000,8,38.276185,4.492035,2.455804,6.993533
2025-01-01 22:47:00.000,8,38.339386,4.477461,2.458698,6.868658
2025-01-01 22:48:00.000,8,38.401113,4.464409,2.461792,6.748524
2025-01-01 22:49:00.000,8,38.461444,4.452859,2.465090,6.632877
2025-01-01 22:50:00.000,8,38.520450,4.442797,2.468592,6.521482
2025-01-01 22:51:00.000,8,38.578202,4.434213,2.472302,6.414118
2025-01-01 22:52:00.000,8,38.634765,4.427098,2.476220,6.435158
2025-01-01 22:53:00.000,8,38.690198,4.421452,2.480350,6.554652
2025-01-01 22:54:00.000,8,38.744558,4.417274,2.484692,6.678565
2025-01-01 22:55:00.000,8,38.797897,4.414570,2.489251,6.807130
2025-01-01 22:56:00.000,8,38.850263,4.413349,2.494027,6.940599
2025-01-01 22:57:00.000,8,38.901698,4.413623,2.499024,7.079240
2025-01-01 22:58:00.000,8,38.952243,4.415409,2.504243,7.223346
2025-01-01 22:59:00.000,8,39.001933,4.418729,2.509688,7.373226
2025-01-01 23:00:00.000,8,39.050799,4.423609,2.515361,7.529218
2025-01-01 23:01:00.000,8,39.098870,4.430078,2.521265,7.691685
2025-01-01 23:02:00.000,8,39.146172,4.438172,2.527403,7.861019
2025-01-01 23:03:00.000,7,42.322099,3.935116,2.533777,5.377323
2025-01-01 23:04:00.000,7,42.431533,3.921888,2.540391,5.307763
2025-01-01 23:05:00.000,7,42.539917,3.909497,2.547247,5.240291
2025-01-01 23:06:00.000,7,42.647262,3.897935,2.554350,5.174822
2025-01-01 23:07:00.000,7,42.753581,3.887191,2.561701,5.111275
2025-01-01 23:08:00.000,7,42.858882,3.877258,2.569306,5.049575
2025-01-01 23:09:00.000,7,42.963169,3.868130,2.577167,5.010287
2025-01-01 23:10:00.000,7,43.066447,3.859802,2.585288,5.076366
2025-01-01 23:11:00.000,7,43.168716,3.852268,2.593672,5.144236
2025-01-01 23:12:00.000,7,43.269976,3.845526,2.602324,5.213962
2025-01-01 23:13:00.000,7,43.370221,3.839574,2.611247,5.285615
2025-01-01 23:14:00.000,7,43.469446,3.834411,2.611133,5.359269
2025-01-01 23:15:00.000,7,43.567644,3.830037,2.601643,5.435001
2025-01-01 23:16:00.000,7,43.664805,3.826455,2.592395,5.512893
2025-01-01 23:17:00.000,7,43.760917,3.823666,2.583388,5.593032
2025-01-01 23:18:00.000,7,43.855965,3.821674,2.574618,5.675508
2025-01-01 23:19:00.000,7,43.949933,3.820484,2.566085,5.760419
2025-01-01 23:20:00.000,7,44.042804,3.820103,2.557786,5.847864
2025-01-01 23:21:00.000,7,44.134557,3.820538,2.549721,5.937952
2025-01-01 23:22:00.000,7,44.225170,3.821797,2.541887,6.030796
2025-01-01 23:23:00.000,7,44.314616,3.823892,2.534283,6.126517
2025-01-01 23:24:00.000,7,44.402870,3.826833,2.526908,6.225243
2025-01-01 23:25:00.000,7,44.489900,3.830633,2.519760,6.327108
2025-01-01 23:26:00.000,7,44.575674,3.835308,2.512838,6.432256
2025-01-01 23:27:00.000,7,44.660155,3.840873,2.506141,6.540841
2025-01-01 23:28:00.000,7,44.743305,3.847347,2.499667,6.653024
2025-01-01 23:29:00.000,7,44.825079,3.854748,2.493416,6.768978
2025-01-01 23:30:00.000,7,44.905431,3.863100,2.487386,6.888888
2025-01-01 23:31:00.000,7,44.984308,3.872425,2.481576,7.012951
2025-01-01 23:32:00.000,7,45.061653,3.882750,2.475986,7.141375
2025-01-01 23:33:00.000,7,45.137403,3.894104,2.470615,7.274387
2025-01-01 23:34:00.000,7,45.211490,3.906516,2.465461,7.412226
2025-01-01 23:35:00.000,6,43.523521,4.092313,2.460525,7.555150
2025-01-01 23:36:00.000,6,43.685960,4.106613,2.455805,7.703435
2025-01-01 23:37:00.000,6,43.846247,4.122207,2.451301,7.857378
2025-01-01 23:38:00.000,6,44.004250,4.139145,2.447012,8.017298
2025-01-01 23:39:00.000,6,44.159823,4.157478,2.442938,8.183540
2025-01-01 23:40:00.000,6,44.312805,4.177266,2.439079,8.356473
2025-01-01 23:41:00.000,6,38.845065,5.404415,2.435433,10.509190
2025-01-01 23:42:00.000,6,39.008411,5.385819,2.432001,10.247198
2025-01-01 23:43:00.000,6,39.168453,5.371083,2.428783,9.998540
2025-01-01 23:44:00.000,5,44.357531,4.479703,2.425778,9.123653
2025-01-01 23:45:00.000,5,44.472492,4.515985,2.422986,9.336767
2025-01-01 23:46:00.000,5,44.582540,4.554556,2.420408,9.559544
2025-01-01 23:47:00.000,6,39.770053,5.349466,2.418042,9.792642
2025-01-01 23:48:00.000,6,39.909135,5.353270,2.415890,10.036783
2025-01-01 23:49:00.000,6,40.042895,5.360785,2.413951,10.292754
2025-01-01 23:50:00.000,6,40.170871,5.372059,2.412225,10.561422
2025-01-01 23:51:00.000,6,40.292575,5.387167,2.410713,10.843738
2025-01-01 23:52:00.000,6,40.407498,5.406204,2.409414,11.140753
2025-01-01 23:53:00.000,6,40.515127,5.429292,2.408330,11.453630
2025-01-01 23:54:00.000,6,40.614967,5.456578,2.407461,11.783654
2025-01-01 23:55:00.000,6,40.706561,5.488241,2.406807,12.132258
2025-01-01 23:56:00.000,6,40.789518,5.524488,2.406368,12.501035
2025-01-01 23:57:00.000,7,41.484044,5.251295,2.406146,12.891768
2025-01-01 23:58:00.000,7,41.470632,5.294967,2.406141,13.306457
2025-01-01 23:59:00.000,6,40.984198,5.663399,2.406353,13.747351
